,model_name,units,batch_size,dense_units,dropout_rate,best_val_loss,epochs
122,baseline_lstm,128,4,32,0.1,0.042355965822935104,55
158,baseline_lstm,128,4,32,0.2,0.042355965822935104,55
230,baseline_lstm,128,4,64,0.1,0.042355965822935104,55
410,baseline_lstm,128,4,128,0.3,0.042355965822935104,55
194,baseline_lstm,128,4,32,0.3,0.042355965822935104,55
302,baseline_lstm,128,4,64,0.3,0.042355965822935104,55
266,baseline_lstm,128,4,64,0.2,0.042355965822935104,55
374,baseline_lstm,128,4,128,0.2,0.042355965822935104,55
338,baseline_lstm,128,4,128,0.1,0.042355965822935104,55
86,baseline_lstm,128,4,16,0.3,0.042355965822935104,55
14,baseline_lstm,128,4,16,0.1,0.042355965822935104,55
50,baseline_lstm,128,4,16,0.2,0.042355965822935104,55
173,stacked_lstm,128,4,32,0.2,0.04584848880767822,11
137,stacked_lstm,128,4,32,0.1,0.04584848880767822,11
101,stacked_lstm,128,4,16,0.3,0.04584848880767822,11
29,stacked_lstm,128,4,16,0.1,0.04584848880767822,11
317,stacked_lstm,128,4,64,0.3,0.04584848880767822,11
425,stacked_lstm,128,4,128,0.3,0.04584848880767822,11
209,stacked_lstm,128,4,32,0.3,0.04584848880767822,11
245,stacked_lstm,128,4,64,0.1,0.04584848880767822,11
65,stacked_lstm,128,4,16,0.2,0.04584848880767822,11
389,stacked_lstm,128,4,128,0.2,0.04584848880767822,11
353,stacked_lstm,128,4,128,0.1,0.04584848880767822,11
281,stacked_lstm,128,4,64,0.2,0.04584848880767822,11
319,lstm_dense,64,4,64,0.3,0.04720108583569527,18
283,lstm_dense,64,4,64,0.2,0.04720108583569527,18
247,lstm_dense,64,4,64,0.1,0.04720108583569527,18
131,lstm_dropout,128,4,32,0.1,0.048639070242643356,50
23,lstm_dropout,128,4,16,0.1,0.048639070242643356,50
239,lstm_dropout,128,4,64,0.1,0.048639070242643356,50
347,lstm_dropout,128,4,128,0.1,0.048639070242643356,50
427,lstm_dense,64,4,128,0.3,0.048812251538038254,19
355,lstm_dense,64,4,128,0.1,0.048812251538038254,19
391,lstm_dense,64,4,128,0.2,0.048812251538038254,19
857,stacked_lstm,128,8,128,0.3,0.048823799937963486,16
641,stacked_lstm,128,8,32,0.3,0.048823799937963486,16
533,stacked_lstm,128,8,16,0.3,0.048823799937963486,16
605,stacked_lstm,128,8,32,0.2,0.048823799937963486,16
821,stacked_lstm,128,8,128,0.2,0.048823799937963486,16
749,stacked_lstm,128,8,64,0.3,0.048823799937963486,16
461,stacked_lstm,128,8,16,0.1,0.048823799937963486,16
713,stacked_lstm,128,8,64,0.2,0.048823799937963486,16
677,stacked_lstm,128,8,64,0.1,0.048823799937963486,16
785,stacked_lstm,128,8,128,0.1,0.048823799937963486,16
497,stacked_lstm,128,8,16,0.2,0.048823799937963486,16
569,stacked_lstm,128,8,32,0.1,0.048823799937963486,16
67,lstm_dense,64,4,16,0.2,0.04906731843948364,15
103,lstm_dense,64,4,16,0.3,0.04906731843948364,15
31,lstm_dense,64,4,16,0.1,0.04906731843948364,15
139,lstm_dense,64,4,32,0.1,0.04930393397808075,20
211,lstm_dense,64,4,32,0.3,0.04930393397808075,20
175,lstm_dense,64,4,32,0.2,0.04930393397808075,20
104,lstm_dense,128,4,16,0.3,0.049604129046201706,12
32,lstm_dense,128,4,16,0.1,0.049604129046201706,12
68,lstm_dense,128,4,16,0.2,0.049604129046201706,12
827,lstm_dropout,128,8,128,0.2,0.049654264003038406,27
503,lstm_dropout,128,8,16,0.2,0.049654264003038406,27
719,lstm_dropout,128,8,64,0.2,0.049654264003038406,27
611,lstm_dropout,128,8,32,0.2,0.049654264003038406,27
176,lstm_dense,128,4,32,0.2,0.05040833353996277,21
212,lstm_dense,128,4,32,0.3,0.05040833353996277,21
140,lstm_dense,128,4,32,0.1,0.05040833353996277,21
431,lstm_dropout,128,4,128,0.3,0.05063774064183235,27
107,lstm_dropout,128,4,16,0.3,0.05063774064183235,27
323,lstm_dropout,128,4,64,0.3,0.05063774064183235,27
215,lstm_dropout,128,4,32,0.3,0.05063774064183235,27
301,baseline_lstm,64,4,64,0.3,0.05091581866145134,82
337,baseline_lstm,64,4,128,0.1,0.05091581866145134,82
265,baseline_lstm,64,4,64,0.2,0.05091581866145134,82
373,baseline_lstm,64,4,128,0.2,0.05091581866145134,82
121,baseline_lstm,64,4,32,0.1,0.05091581866145134,82
157,baseline_lstm,64,4,32,0.2,0.05091581866145134,82
193,baseline_lstm,64,4,32,0.3,0.05091581866145134,82
229,baseline_lstm,64,4,64,0.1,0.05091581866145134,82
409,baseline_lstm,64,4,128,0.3,0.05091581866145134,82
13,baseline_lstm,64,4,16,0.1,0.05091581866145134,82
85,baseline_lstm,64,4,16,0.3,0.05091581866145134,82
49,baseline_lstm,64,4,16,0.2,0.05091581866145134,82
413,stacked_lstm,128,4,128,0.3,0.05162617191672325,51
233,stacked_lstm,128,4,64,0.1,0.05162617191672325,51
377,stacked_lstm,128,4,128,0.2,0.05162617191672325,51
305,stacked_lstm,128,4,64,0.3,0.05162617191672325,51
341,stacked_lstm,128,4,128,0.1,0.05162617191672325,51
269,stacked_lstm,128,4,64,0.2,0.05162617191672325,51
89,stacked_lstm,128,4,16,0.3,0.05162617191672325,51
125,stacked_lstm,128,4,32,0.1,0.05162617191672325,51
17,stacked_lstm,128,4,16,0.1,0.05162617191672325,51
53,stacked_lstm,128,4,16,0.2,0.05162617191672325,51
161,stacked_lstm,128,4,32,0.2,0.05162617191672325,51
197,stacked_lstm,128,4,32,0.3,0.05162617191672325,51
30,lstm_dense,32,4,16,0.1,0.05222699046134949,24
102,lstm_dense,32,4,16,0.3,0.05222699046134949,24
66,lstm_dense,32,4,16,0.2,0.05222699046134949,24
365,stacked_lstm,128,4,128,0.2,0.05347858741879463,106
329,stacked_lstm,128,4,128,0.1,0.05347858741879463,106
77,stacked_lstm,128,4,16,0.3,0.05347858741879463,106
293,stacked_lstm,128,4,64,0.3,0.05347858741879463,106
257,stacked_lstm,128,4,64,0.2,0.05347858741879463,106
5,stacked_lstm,128,4,16,0.1,0.05347858741879463,106
113,stacked_lstm,128,4,32,0.1,0.05347858741879463,106
221,stacked_lstm,128,4,64,0.1,0.05347858741879463,106
185,stacked_lstm,128,4,32,0.3,0.05347858741879463,106
401,stacked_lstm,128,4,128,0.3,0.05347858741879463,106
41,stacked_lstm,128,4,16,0.2,0.05347858741879463,106
149,stacked_lstm,128,4,32,0.2,0.05347858741879463,106
138,lstm_dense,32,4,32,0.1,0.05426881089806557,27
174,lstm_dense,32,4,32,0.2,0.05426881089806557,27
210,lstm_dense,32,4,32,0.3,0.05426881089806557,27
16,stacked_lstm,64,4,16,0.1,0.05442145839333534,74
88,stacked_lstm,64,4,16,0.3,0.05442145839333534,74
52,stacked_lstm,64,4,16,0.2,0.05442145839333534,74
340,stacked_lstm,64,4,128,0.1,0.05442145839333534,74
232,stacked_lstm,64,4,64,0.1,0.05442145839333534,74
268,stacked_lstm,64,4,64,0.2,0.05442145839333534,74
376,stacked_lstm,64,4,128,0.2,0.05442145839333534,74
304,stacked_lstm,64,4,64,0.3,0.05442145839333534,74
196,stacked_lstm,64,4,32,0.3,0.05442145839333534,74
412,stacked_lstm,64,4,128,0.3,0.05442145839333534,74
124,stacked_lstm,64,4,32,0.1,0.05442145839333534,74
160,stacked_lstm,64,4,32,0.2,0.05442145839333534,74
682,lstm_dropout,64,8,64,0.1,0.05449312552809715,24
466,lstm_dropout,64,8,16,0.1,0.05449312552809715,24
574,lstm_dropout,64,8,32,0.1,0.05449312552809715,24
790,lstm_dropout,64,8,128,0.1,0.05449312552809715,24
35,lstm_dropout,128,4,16,0.1,0.054543837904930115,15
143,lstm_dropout,128,4,32,0.1,0.054543837904930115,15
359,lstm_dropout,128,4,128,0.1,0.054543837904930115,15
251,lstm_dropout,128,4,64,0.1,0.054543837904930115,15
246,lstm_dense,32,4,64,0.1,0.05514821782708168,23
318,lstm_dense,32,4,64,0.3,0.05514821782708168,23
282,lstm_dense,32,4,64,0.2,0.05514821782708168,23
855,stacked_lstm,32,8,128,0.3,0.05594101548194885,24
567,stacked_lstm,32,8,32,0.1,0.05594101548194885,24
531,stacked_lstm,32,8,16,0.3,0.05594101548194885,24
495,stacked_lstm,32,8,16,0.2,0.05594101548194885,24
747,stacked_lstm,32,8,64,0.3,0.05594101548194885,24
459,stacked_lstm,32,8,16,0.1,0.05594101548194885,24
603,stacked_lstm,32,8,32,0.2,0.05594101548194885,24
639,stacked_lstm,32,8,32,0.3,0.05594101548194885,24
819,stacked_lstm,32,8,128,0.2,0.05594101548194885,24
675,stacked_lstm,32,8,64,0.1,0.05594101548194885,24
711,stacked_lstm,32,8,64,0.2,0.05594101548194885,24
783,stacked_lstm,32,8,128,0.1,0.05594101548194885,24
320,lstm_dense,128,4,64,0.3,0.05595020577311516,12
248,lstm_dense,128,4,64,0.1,0.05595020577311516,12
284,lstm_dense,128,4,64,0.2,0.05595020577311516,12
564,baseline_lstm,32,8,32,0.1,0.05635988339781761,24
780,baseline_lstm,32,8,128,0.1,0.05635988339781761,24
672,baseline_lstm,32,8,64,0.1,0.05635988339781761,24
708,baseline_lstm,32,8,64,0.2,0.05635988339781761,24
636,baseline_lstm,32,8,32,0.3,0.05635988339781761,24
852,baseline_lstm,32,8,128,0.3,0.05635988339781761,24
744,baseline_lstm,32,8,64,0.3,0.05635988339781761,24
492,baseline_lstm,32,8,16,0.2,0.05635988339781761,24
528,baseline_lstm,32,8,16,0.3,0.05635988339781761,24
456,baseline_lstm,32,8,16,0.1,0.05635988339781761,24
816,baseline_lstm,32,8,128,0.2,0.05635988339781761,24
600,baseline_lstm,32,8,32,0.2,0.05635988339781761,24
358,lstm_dropout,64,4,128,0.1,0.05652207136154175,12
250,lstm_dropout,64,4,64,0.1,0.05652207136154175,12
142,lstm_dropout,64,4,32,0.1,0.05652207136154175,12
34,lstm_dropout,64,4,16,0.1,0.05652207136154175,12
146,baseline_lstm,128,4,32,0.2,0.05658954009413719,82
218,baseline_lstm,128,4,64,0.1,0.05658954009413719,82
38,baseline_lstm,128,4,16,0.2,0.05658954009413719,82
110,baseline_lstm,128,4,32,0.1,0.05658954009413719,82
182,baseline_lstm,128,4,32,0.3,0.05658954009413719,82
2,baseline_lstm,128,4,16,0.1,0.05658954009413719,82
290,baseline_lstm,128,4,64,0.3,0.05658954009413719,82
362,baseline_lstm,128,4,128,0.2,0.05658954009413719,82
254,baseline_lstm,128,4,64,0.2,0.05658954009413719,82
74,baseline_lstm,128,4,16,0.3,0.05658954009413719,82
326,baseline_lstm,128,4,128,0.1,0.05658954009413719,82
398,baseline_lstm,128,4,128,0.3,0.05658954009413719,82
390,lstm_dense,32,4,128,0.2,0.057504791766405106,35
354,lstm_dense,32,4,128,0.1,0.057504791766405106,35
426,lstm_dense,32,4,128,0.3,0.057504791766405106,35
845,stacked_lstm,128,8,128,0.3,0.05822671949863434,68
737,stacked_lstm,128,8,64,0.3,0.05822671949863434,68
449,stacked_lstm,128,8,16,0.1,0.05822671949863434,68
557,stacked_lstm,128,8,32,0.1,0.05822671949863434,68
485,stacked_lstm,128,8,16,0.2,0.05822671949863434,68
665,stacked_lstm,128,8,64,0.1,0.05822671949863434,68
773,stacked_lstm,128,8,128,0.1,0.05822671949863434,68
593,stacked_lstm,128,8,32,0.2,0.05822671949863434,68
809,stacked_lstm,128,8,128,0.2,0.05822671949863434,68
629,stacked_lstm,128,8,32,0.3,0.05822671949863434,68
701,stacked_lstm,128,8,64,0.2,0.05822671949863434,68
521,stacked_lstm,128,8,16,0.3,0.05822671949863434,68
1259,lstm_dropout,128,16,128,0.2,0.058297306299209595,28
1043,lstm_dropout,128,16,32,0.2,0.058297306299209595,28
935,lstm_dropout,128,16,16,0.2,0.058297306299209595,28
1151,lstm_dropout,128,16,64,0.2,0.058297306299209595,28
748,stacked_lstm,64,8,64,0.3,0.059025079011917114,22
496,stacked_lstm,64,8,16,0.2,0.059025079011917114,22
604,stacked_lstm,64,8,32,0.2,0.059025079011917114,22
460,stacked_lstm,64,8,16,0.1,0.059025079011917114,22
784,stacked_lstm,64,8,128,0.1,0.059025079011917114,22
712,stacked_lstm,64,8,64,0.2,0.059025079011917114,22
676,stacked_lstm,64,8,64,0.1,0.059025079011917114,22
568,stacked_lstm,64,8,32,0.1,0.059025079011917114,22
820,stacked_lstm,64,8,128,0.2,0.059025079011917114,22
640,stacked_lstm,64,8,32,0.3,0.059025079011917114,22
532,stacked_lstm,64,8,16,0.3,0.059025079011917114,22
856,stacked_lstm,64,8,128,0.3,0.059025079011917114,22
575,lstm_dropout,128,8,32,0.1,0.06064952537417412,28
791,lstm_dropout,128,8,128,0.1,0.06064952537417412,28
467,lstm_dropout,128,8,16,0.1,0.06064952537417412,28
683,lstm_dropout,128,8,64,0.1,0.06064952537417412,28
1032,baseline_lstm,32,16,32,0.2,0.06213408708572388,45
1068,baseline_lstm,32,16,32,0.3,0.06213408708572388,45
996,baseline_lstm,32,16,32,0.1,0.06213408708572388,45
1104,baseline_lstm,32,16,64,0.1,0.06213408708572388,45
1248,baseline_lstm,32,16,128,0.2,0.06213408708572388,45
1284,baseline_lstm,32,16,128,0.3,0.06213408708572388,45
1212,baseline_lstm,32,16,128,0.1,0.06213408708572388,45
960,baseline_lstm,32,16,16,0.3,0.06213408708572388,45
1140,baseline_lstm,32,16,64,0.2,0.06213408708572388,45
1176,baseline_lstm,32,16,64,0.3,0.06213408708572388,45
888,baseline_lstm,32,16,16,0.1,0.06213408708572388,45
924,baseline_lstm,32,16,16,0.2,0.06213408708572388,45
277,baseline_lstm,64,4,64,0.2,0.06249737739562988,14
313,baseline_lstm,64,4,64,0.3,0.06249737739562988,14
169,baseline_lstm,64,4,32,0.2,0.06249737739562988,14
205,baseline_lstm,64,4,32,0.3,0.06249737739562988,14
421,baseline_lstm,64,4,128,0.3,0.06249737739562988,14
241,baseline_lstm,64,4,64,0.1,0.06249737739562988,14
385,baseline_lstm,64,4,128,0.2,0.06249737739562988,14
61,baseline_lstm,64,4,16,0.2,0.06249737739562988,14
133,baseline_lstm,64,4,32,0.1,0.06249737739562988,14
97,baseline_lstm,64,4,16,0.3,0.06249737739562988,14
349,baseline_lstm,64,4,128,0.1,0.06249737739562988,14
25,baseline_lstm,64,4,16,0.1,0.06249737739562988,14
680,lstm_dense,128,8,64,0.1,0.06255995482206345,14
716,lstm_dense,128,8,64,0.2,0.06255995482206345,14
752,lstm_dense,128,8,64,0.3,0.06255995482206345,14
518,baseline_lstm,128,8,16,0.3,0.06304828822612762,67
590,baseline_lstm,128,8,32,0.2,0.06304828822612762,67
446,baseline_lstm,128,8,16,0.1,0.06304828822612762,67
626,baseline_lstm,128,8,32,0.3,0.06304828822612762,67
734,baseline_lstm,128,8,64,0.3,0.06304828822612762,67
770,baseline_lstm,128,8,128,0.1,0.06304828822612762,67
482,baseline_lstm,128,8,16,0.2,0.06304828822612762,67
554,baseline_lstm,128,8,32,0.1,0.06304828822612762,67
698,baseline_lstm,128,8,64,0.2,0.06304828822612762,67
806,baseline_lstm,128,8,128,0.2,0.06304828822612762,67
842,baseline_lstm,128,8,128,0.3,0.06304828822612762,67
662,baseline_lstm,128,8,64,0.1,0.06304828822612762,67
464,lstm_dense,128,8,16,0.1,0.06309961527585983,18
500,lstm_dense,128,8,16,0.2,0.06309961527585983,18
536,lstm_dense,128,8,16,0.3,0.06309961527585983,18
539,lstm_dropout,128,8,16,0.3,0.0631154254078865,21
863,lstm_dropout,128,8,128,0.3,0.0631154254078865,21
755,lstm_dropout,128,8,64,0.3,0.0631154254078865,21
647,lstm_dropout,128,8,32,0.3,0.0631154254078865,21
679,lstm_dense,64,8,64,0.1,0.06337112188339233,11
715,lstm_dense,64,8,64,0.2,0.06337112188339233,11
751,lstm_dense,64,8,64,0.3,0.06337112188339233,11
717,lstm_dropout,32,8,64,0.2,0.06360937654972076,35
501,lstm_dropout,32,8,16,0.2,0.06360937654972076,35
609,lstm_dropout,32,8,32,0.2,0.06360937654972076,35
825,lstm_dropout,32,8,128,0.2,0.06360937654972076,35
465,lstm_dropout,32,8,16,0.1,0.06367585808038712,27
573,lstm_dropout,32,8,32,0.1,0.06367585808038712,27
681,lstm_dropout,32,8,64,0.1,0.06367585808038712,27
789,lstm_dropout,32,8,128,0.1,0.06367585808038712,27
18,lstm_dense,32,4,16,0.1,0.06369614601135254,200
54,lstm_dense,32,4,16,0.2,0.06369614601135254,200
90,lstm_dense,32,4,16,0.3,0.06369614601135254,200
168,baseline_lstm,32,4,32,0.2,0.06372702121734619,11
348,baseline_lstm,32,4,128,0.1,0.06372702121734619,11
60,baseline_lstm,32,4,16,0.2,0.06372702121734619,11
96,baseline_lstm,32,4,16,0.3,0.06372702121734619,11
132,baseline_lstm,32,4,32,0.1,0.06372702121734619,11
312,baseline_lstm,32,4,64,0.3,0.06372702121734619,11
420,baseline_lstm,32,4,128,0.3,0.06372702121734619,11
240,baseline_lstm,32,4,64,0.1,0.06372702121734619,11
204,baseline_lstm,32,4,32,0.3,0.06372702121734619,11
276,baseline_lstm,32,4,64,0.2,0.06372702121734619,11
24,baseline_lstm,32,4,16,0.1,0.06372702121734619,11
384,baseline_lstm,32,4,128,0.2,0.06372702121734619,11
357,lstm_dropout,32,4,128,0.1,0.0641532763838768,13
249,lstm_dropout,32,4,64,0.1,0.0641532763838768,13
141,lstm_dropout,32,4,32,0.1,0.0641532763838768,13
33,lstm_dropout,32,4,16,0.1,0.0641532763838768,13
279,stacked_lstm,32,4,64,0.2,0.06476061791181564,9
63,stacked_lstm,32,4,16,0.2,0.06476061791181564,9
27,stacked_lstm,32,4,16,0.1,0.06476061791181564,9
135,stacked_lstm,32,4,32,0.1,0.06476061791181564,9
99,stacked_lstm,32,4,16,0.3,0.06476061791181564,9
207,stacked_lstm,32,4,32,0.3,0.06476061791181564,9
243,stacked_lstm,32,4,64,0.1,0.06476061791181564,9
387,stacked_lstm,32,4,128,0.2,0.06476061791181564,9
171,stacked_lstm,32,4,32,0.2,0.06476061791181564,9
351,stacked_lstm,32,4,128,0.1,0.06476061791181564,9
423,stacked_lstm,32,4,128,0.3,0.06476061791181564,9
315,stacked_lstm,32,4,64,0.3,0.06476061791181564,9
280,stacked_lstm,64,4,64,0.2,0.0647704228758812,10
208,stacked_lstm,64,4,32,0.3,0.0647704228758812,10
316,stacked_lstm,64,4,64,0.3,0.0647704228758812,10
172,stacked_lstm,64,4,32,0.2,0.0647704228758812,10
28,stacked_lstm,64,4,16,0.1,0.0647704228758812,10
136,stacked_lstm,64,4,32,0.1,0.0647704228758812,10
244,stacked_lstm,64,4,64,0.1,0.0647704228758812,10
424,stacked_lstm,64,4,128,0.3,0.0647704228758812,10
352,stacked_lstm,64,4,128,0.1,0.0647704228758812,10
100,stacked_lstm,64,4,16,0.3,0.0647704228758812,10
388,stacked_lstm,64,4,128,0.2,0.0647704228758812,10
64,stacked_lstm,64,4,16,0.2,0.0647704228758812,10
380,lstm_dense,128,4,128,0.2,0.06558889895677567,18
416,lstm_dense,128,4,128,0.3,0.06558889895677567,18
344,lstm_dense,128,4,128,0.1,0.06558889895677567,18
1289,stacked_lstm,128,16,128,0.3,0.06605520844459534,15
965,stacked_lstm,128,16,16,0.3,0.06605520844459534,15
1181,stacked_lstm,128,16,64,0.3,0.06605520844459534,15
1145,stacked_lstm,128,16,64,0.2,0.06605520844459534,15
1001,stacked_lstm,128,16,32,0.1,0.06605520844459534,15
1217,stacked_lstm,128,16,128,0.1,0.06605520844459534,15
893,stacked_lstm,128,16,16,0.1,0.06605520844459534,15
1073,stacked_lstm,128,16,32,0.3,0.06605520844459534,15
1037,stacked_lstm,128,16,32,0.2,0.06605520844459534,15
929,stacked_lstm,128,16,16,0.2,0.06605520844459534,15
1109,stacked_lstm,128,16,64,0.1,0.06605520844459534,15
1253,stacked_lstm,128,16,128,0.2,0.06605520844459534,15
824,lstm_dense,128,8,128,0.2,0.06695466488599777,13
860,lstm_dense,128,8,128,0.3,0.06695466488599777,13
788,lstm_dense,128,8,128,0.1,0.06695466488599777,13
392,lstm_dense,128,4,128,0.2,0.06762418150901794,10
428,lstm_dense,128,4,128,0.3,0.06762418150901794,10
356,lstm_dense,128,4,128,0.1,0.06762418150901794,10
630,lstm_dense,32,8,32,0.3,0.068144790828228,174
558,lstm_dense,32,8,32,0.1,0.068144790828228,174
594,lstm_dense,32,8,32,0.2,0.068144790828228,174
286,lstm_dropout,64,4,64,0.2,0.0682150349020958,12
70,lstm_dropout,64,4,16,0.2,0.0682150349020958,12
178,lstm_dropout,64,4,32,0.2,0.0682150349020958,12
394,lstm_dropout,64,4,128,0.2,0.0682150349020958,12
1256,lstm_dense,128,16,128,0.2,0.06834907084703445,18
1220,lstm_dense,128,16,128,0.1,0.06834907084703445,18
1292,lstm_dense,128,16,128,0.3,0.06834907084703445,18
786,lstm_dense,32,8,128,0.1,0.06836920976638794,14
858,lstm_dense,32,8,128,0.3,0.06836920976638794,14
822,lstm_dense,32,8,128,0.2,0.06836920976638794,14
1223,lstm_dropout,128,16,128,0.1,0.06872032582759857,16
1007,lstm_dropout,128,16,32,0.1,0.06872032582759857,16
1115,lstm_dropout,128,16,64,0.1,0.06872032582759857,16
899,lstm_dropout,128,16,16,0.1,0.06872032582759857,16
1160,lstm_dense,128,16,64,0.3,0.0689958855509758,38
1088,lstm_dense,128,16,64,0.1,0.0689958855509758,38
1124,lstm_dense,128,16,64,0.2,0.0689958855509758,38
1026,lstm_dense,32,16,32,0.2,0.06919210404157639,200
990,lstm_dense,32,16,32,0.1,0.06919210404157639,200
1062,lstm_dense,32,16,32,0.3,0.06919210404157639,200
1196,lstm_dense,128,16,128,0.1,0.06960451602935791,37
1232,lstm_dense,128,16,128,0.2,0.06960451602935791,37
1268,lstm_dense,128,16,128,0.3,0.06960451602935791,37
1,baseline_lstm,64,4,16,0.1,0.06972216814756393,162
361,baseline_lstm,64,4,128,0.2,0.06972216814756393,162
145,baseline_lstm,64,4,32,0.2,0.06972216814756393,162
325,baseline_lstm,64,4,128,0.1,0.06972216814756393,162
73,baseline_lstm,64,4,16,0.3,0.06972216814756393,162
253,baseline_lstm,64,4,64,0.2,0.06972216814756393,162
397,baseline_lstm,64,4,128,0.3,0.06972216814756393,162
217,baseline_lstm,64,4,64,0.1,0.06972216814756393,162
289,baseline_lstm,64,4,64,0.3,0.06972216814756393,162
181,baseline_lstm,64,4,32,0.3,0.06972216814756393,162
109,baseline_lstm,64,4,32,0.1,0.06972216814756393,162
37,baseline_lstm,64,4,16,0.2,0.06972216814756393,162
287,lstm_dropout,128,4,64,0.2,0.06992201507091522,11
179,lstm_dropout,128,4,32,0.2,0.06992201507091522,11
395,lstm_dropout,128,4,128,0.2,0.06992201507091522,11
71,lstm_dropout,128,4,16,0.2,0.06992201507091522,11
236,lstm_dense,128,4,64,0.1,0.07009132951498032,17
272,lstm_dense,128,4,64,0.2,0.07009132951498032,17
308,lstm_dense,128,4,64,0.3,0.07009132951498032,17
1219,lstm_dense,64,16,128,0.1,0.070260189473629,18
1255,lstm_dense,64,16,128,0.2,0.070260189473629,18
1291,lstm_dense,64,16,128,0.3,0.070260189473629,18
572,lstm_dense,128,8,32,0.1,0.07036890089511871,11
644,lstm_dense,128,8,32,0.3,0.07036890089511871,11
608,lstm_dense,128,8,32,0.2,0.07036890089511871,11
1112,lstm_dense,128,16,64,0.1,0.0710449293255806,12
1184,lstm_dense,128,16,64,0.3,0.0710449293255806,12
1148,lstm_dense,128,16,64,0.2,0.0710449293255806,12
826,lstm_dropout,64,8,128,0.2,0.0712432861328125,12
718,lstm_dropout,64,8,64,0.2,0.0712432861328125,12
610,lstm_dropout,64,8,32,0.2,0.0712432861328125,12
502,lstm_dropout,64,8,16,0.2,0.0712432861328125,12
1004,lstm_dense,128,16,32,0.1,0.07131553441286087,15
1076,lstm_dense,128,16,32,0.3,0.07131553441286087,15
1040,lstm_dense,128,16,32,0.2,0.07131553441286087,15
704,lstm_dense,128,8,64,0.2,0.07154270261526108,19
668,lstm_dense,128,8,64,0.1,0.07154270261526108,19
740,lstm_dense,128,8,64,0.3,0.07154270261526108,19
787,lstm_dense,64,8,128,0.1,0.07158388942480087,11
859,lstm_dense,64,8,128,0.3,0.07158388942480087,11
823,lstm_dense,64,8,128,0.2,0.07158388942480087,11
896,lstm_dense,128,16,16,0.1,0.07176632434129715,12
968,lstm_dense,128,16,16,0.3,0.07176632434129715,12
932,lstm_dense,128,16,16,0.2,0.07176632434129715,12
379,lstm_dense,64,4,128,0.2,0.07194876670837402,12
415,lstm_dense,64,4,128,0.3,0.07194876670837402,12
343,lstm_dense,64,4,128,0.1,0.07194876670837402,12
164,lstm_dense,128,4,32,0.2,0.07202496379613876,10
200,lstm_dense,128,4,32,0.3,0.07202496379613876,10
128,lstm_dense,128,4,32,0.1,0.07202496379613876,10
1251,stacked_lstm,32,16,128,0.2,0.07205968350172043,49
1287,stacked_lstm,32,16,128,0.3,0.07205968350172043,49
1071,stacked_lstm,32,16,32,0.3,0.07205968350172043,49
1107,stacked_lstm,32,16,64,0.1,0.07205968350172043,49
927,stacked_lstm,32,16,16,0.2,0.07205968350172043,49
891,stacked_lstm,32,16,16,0.1,0.07205968350172043,49
999,stacked_lstm,32,16,32,0.1,0.07205968350172043,49
1215,stacked_lstm,32,16,128,0.1,0.07205968350172043,49
1143,stacked_lstm,32,16,64,0.2,0.07205968350172043,49
963,stacked_lstm,32,16,16,0.3,0.07205968350172043,49
1179,stacked_lstm,32,16,64,0.3,0.07205968350172043,49
1035,stacked_lstm,32,16,32,0.2,0.07205968350172043,49
8,lstm_dense,128,4,16,0.1,0.07207206636667252,16
44,lstm_dense,128,4,16,0.2,0.07207206636667252,16
80,lstm_dense,128,4,16,0.3,0.07207206636667252,16
260,lstm_dense,128,4,64,0.2,0.07247301936149597,22
224,lstm_dense,128,4,64,0.1,0.07247301936149597,22
296,lstm_dense,128,4,64,0.3,0.07247301936149597,22
776,lstm_dense,128,8,128,0.1,0.07248027622699738,18
848,lstm_dense,128,8,128,0.3,0.07248027622699738,18
812,lstm_dense,128,8,128,0.2,0.07248027622699738,18
152,lstm_dense,128,4,32,0.2,0.07266613095998764,16
188,lstm_dense,128,4,32,0.3,0.07266613095998764,16
116,lstm_dense,128,4,32,0.1,0.07266613095998764,16
1244,lstm_dense,128,16,128,0.2,0.07362817972898483,24
1280,lstm_dense,128,16,128,0.3,0.07362817972898483,24
1208,lstm_dense,128,16,128,0.1,0.07362817972898483,24
367,lstm_dense,64,4,128,0.2,0.07365535944700241,18
403,lstm_dense,64,4,128,0.3,0.07365535944700241,18
331,lstm_dense,64,4,128,0.1,0.07365535944700241,18
322,lstm_dropout,64,4,64,0.3,0.07370635122060776,8
430,lstm_dropout,64,4,128,0.3,0.07370635122060776,8
106,lstm_dropout,64,4,16,0.3,0.07370635122060776,8
214,lstm_dropout,64,4,32,0.3,0.07370635122060776,8
414,lstm_dense,32,4,128,0.3,0.07391893118619919,18
342,lstm_dense,32,4,128,0.1,0.07391893118619919,18
378,lstm_dense,32,4,128,0.2,0.07391893118619919,18
299,lstm_dropout,128,4,64,0.3,0.07408668100833893,28
83,lstm_dropout,128,4,16,0.3,0.07408668100833893,28
407,lstm_dropout,128,4,128,0.3,0.07408668100833893,28
191,lstm_dropout,128,4,32,0.3,0.07408668100833893,28
678,lstm_dense,32,8,64,0.1,0.07419425994157791,14
714,lstm_dense,32,8,64,0.2,0.07419425994157791,14
750,lstm_dense,32,8,64,0.3,0.07419425994157791,14
20,lstm_dense,128,4,16,0.1,0.0748065710067749,11
92,lstm_dense,128,4,16,0.3,0.0748065710067749,11
56,lstm_dense,128,4,16,0.2,0.0748065710067749,11
458,baseline_lstm,128,8,16,0.1,0.07503972947597504,9
566,baseline_lstm,128,8,32,0.1,0.07503972947597504,9
494,baseline_lstm,128,8,16,0.2,0.07503972947597504,9
746,baseline_lstm,128,8,64,0.3,0.07503972947597504,9
638,baseline_lstm,128,8,32,0.3,0.07503972947597504,9
782,baseline_lstm,128,8,128,0.1,0.07503972947597504,9
674,baseline_lstm,128,8,64,0.1,0.07503972947597504,9
854,baseline_lstm,128,8,128,0.3,0.07503972947597504,9
818,baseline_lstm,128,8,128,0.2,0.07503972947597504,9
530,baseline_lstm,128,8,16,0.3,0.07503972947597504,9
710,baseline_lstm,128,8,64,0.2,0.07503972947597504,9
602,baseline_lstm,128,8,32,0.2,0.07503972947597504,9
537,lstm_dropout,32,8,16,0.3,0.07510701566934586,36
753,lstm_dropout,32,8,64,0.3,0.07510701566934586,36
645,lstm_dropout,32,8,32,0.3,0.07510701566934586,36
861,lstm_dropout,32,8,128,0.3,0.07510701566934586,36
499,lstm_dense,64,8,16,0.2,0.07515010237693787,12
535,lstm_dense,64,8,16,0.3,0.07515010237693787,12
463,lstm_dense,64,8,16,0.1,0.07515010237693787,12
235,lstm_dense,64,4,64,0.1,0.07542601227760315,11
307,lstm_dense,64,4,64,0.3,0.07542601227760315,11
271,lstm_dense,64,4,64,0.2,0.07542601227760315,11
55,lstm_dense,64,4,16,0.2,0.07563360780477524,19
19,lstm_dense,64,4,16,0.1,0.07563360780477524,19
91,lstm_dense,64,4,16,0.3,0.07563360780477524,19
1150,lstm_dropout,64,16,64,0.2,0.07603494077920914,19
1042,lstm_dropout,64,16,32,0.2,0.07603494077920914,19
1258,lstm_dropout,64,16,128,0.2,0.07603494077920914,19
934,lstm_dropout,64,16,16,0.2,0.07603494077920914,19
1147,lstm_dense,64,16,64,0.2,0.07617999613285065,12
1111,lstm_dense,64,16,64,0.1,0.07617999613285065,12
1183,lstm_dense,64,16,64,0.3,0.07617999613285065,12
220,stacked_lstm,64,4,64,0.1,0.07635289430618286,101
4,stacked_lstm,64,4,16,0.1,0.07635289430618286,101
112,stacked_lstm,64,4,32,0.1,0.07635289430618286,101
364,stacked_lstm,64,4,128,0.2,0.07635289430618286,101
40,stacked_lstm,64,4,16,0.2,0.07635289430618286,101
76,stacked_lstm,64,4,16,0.3,0.07635289430618286,101
256,stacked_lstm,64,4,64,0.2,0.07635289430618286,101
328,stacked_lstm,64,4,128,0.1,0.07635289430618286,101
400,stacked_lstm,64,4,128,0.3,0.07635289430618286,101
292,stacked_lstm,64,4,64,0.3,0.07635289430618286,101
184,stacked_lstm,64,4,32,0.3,0.07635289430618286,101
148,stacked_lstm,64,4,32,0.2,0.07635289430618286,101
59,lstm_dropout,128,4,16,0.2,0.07675918191671371,25
275,lstm_dropout,128,4,64,0.2,0.07675918191671371,25
167,lstm_dropout,128,4,32,0.2,0.07675918191671371,25
383,lstm_dropout,128,4,128,0.2,0.07675918191671371,25
259,lstm_dense,64,4,64,0.2,0.07723031938076019,20
223,lstm_dense,64,4,64,0.1,0.07723031938076019,20
295,lstm_dense,64,4,64,0.3,0.07723031938076019,20
655,lstm_dense,64,8,64,0.1,0.07742520421743393,177
727,lstm_dense,64,8,64,0.3,0.07742520421743393,177
691,lstm_dense,64,8,64,0.2,0.07742520421743393,177
570,lstm_dense,32,8,32,0.1,0.0782952830195427,11
642,lstm_dense,32,8,32,0.3,0.0782952830195427,11
606,lstm_dense,32,8,32,0.2,0.0782952830195427,11
26,baseline_lstm,128,4,16,0.1,0.078329898416996,6
206,baseline_lstm,128,4,32,0.3,0.078329898416996,6
170,baseline_lstm,128,4,32,0.2,0.078329898416996,6
242,baseline_lstm,128,4,64,0.1,0.078329898416996,6
278,baseline_lstm,128,4,64,0.2,0.078329898416996,6
314,baseline_lstm,128,4,64,0.3,0.078329898416996,6
386,baseline_lstm,128,4,128,0.2,0.078329898416996,6
350,baseline_lstm,128,4,128,0.1,0.078329898416996,6
422,baseline_lstm,128,4,128,0.3,0.078329898416996,6
62,baseline_lstm,128,4,16,0.2,0.078329898416996,6
134,baseline_lstm,128,4,32,0.1,0.078329898416996,6
98,baseline_lstm,128,4,16,0.3,0.078329898416996,6
105,lstm_dropout,32,4,16,0.3,0.07845540344715118,13
429,lstm_dropout,32,4,128,0.3,0.07845540344715118,13
213,lstm_dropout,32,4,32,0.3,0.07845540344715118,13
321,lstm_dropout,32,4,64,0.3,0.07845540344715118,13
728,lstm_dense,128,8,64,0.3,0.07871603965759277,22
656,lstm_dense,128,8,64,0.1,0.07871603965759277,22
692,lstm_dense,128,8,64,0.2,0.07871603965759277,22
1172,lstm_dense,128,16,64,0.3,0.07888761907815933,25
1136,lstm_dense,128,16,64,0.2,0.07888761907815933,25
1100,lstm_dense,128,16,64,0.1,0.07888761907815933,25
234,lstm_dense,32,4,64,0.1,0.07921286672353745,16
270,lstm_dense,32,4,64,0.2,0.07921286672353745,16
306,lstm_dense,32,4,64,0.3,0.07921286672353745,16
762,lstm_dense,32,8,128,0.1,0.07941334694623947,200
834,lstm_dense,32,8,128,0.3,0.07941334694623947,200
798,lstm_dense,32,8,128,0.2,0.07941334694623947,200
1014,lstm_dense,32,16,32,0.2,0.07957718521356583,200
978,lstm_dense,32,16,32,0.1,0.07957718521356583,200
1050,lstm_dense,32,16,32,0.3,0.07957718521356583,200
571,lstm_dense,64,8,32,0.1,0.07961222529411316,10
607,lstm_dense,64,8,32,0.2,0.07961222529411316,10
643,lstm_dense,64,8,32,0.3,0.07961222529411316,10
6,lstm_dense,32,4,16,0.1,0.07995409518480301,152
42,lstm_dense,32,4,16,0.2,0.07995409518480301,152
78,lstm_dense,32,4,16,0.3,0.07995409518480301,152
908,lstm_dense,128,16,16,0.2,0.08002356439828873,36
872,lstm_dense,128,16,16,0.1,0.08002356439828873,36
944,lstm_dense,128,16,16,0.3,0.08002356439828873,36
127,lstm_dense,64,4,32,0.1,0.08042680472135544,11
199,lstm_dense,64,4,32,0.3,0.08042680472135544,11
163,lstm_dense,64,4,32,0.2,0.08042680472135544,11
79,lstm_dense,64,4,16,0.3,0.08064714819192886,26
7,lstm_dense,64,4,16,0.1,0.08064714819192886,26
43,lstm_dense,64,4,16,0.2,0.08064714819192886,26
836,lstm_dense,128,8,128,0.3,0.08098168671131134,26
800,lstm_dense,128,8,128,0.2,0.08098168671131134,26
764,lstm_dense,128,8,128,0.1,0.08098168671131134,26
404,lstm_dense,128,4,128,0.3,0.08107119053602219,13
368,lstm_dense,128,4,128,0.2,0.08107119053602219,13
332,lstm_dense,128,4,128,0.1,0.08107119053602219,13
811,lstm_dense,64,8,128,0.2,0.08119966089725494,14
775,lstm_dense,64,8,128,0.1,0.08119966089725494,14
847,lstm_dense,64,8,128,0.3,0.08119966089725494,14
646,lstm_dropout,64,8,32,0.3,0.08130141347646713,11
754,lstm_dropout,64,8,64,0.3,0.08130141347646713,11
538,lstm_dropout,64,8,16,0.3,0.08130141347646713,11
862,lstm_dropout,64,8,128,0.3,0.08130141347646713,11
1039,lstm_dense,64,16,32,0.2,0.08228171616792679,14
1003,lstm_dense,64,16,32,0.1,0.08228171616792679,14
1075,lstm_dense,64,16,32,0.3,0.08228171616792679,14
198,lstm_dense,32,4,32,0.3,0.08246719092130661,23
162,lstm_dense,32,4,32,0.2,0.08246719092130661,23
126,lstm_dense,32,4,32,0.1,0.08246719092130661,23
833,stacked_lstm,128,8,128,0.3,0.0828128382563591,73
509,stacked_lstm,128,8,16,0.3,0.0828128382563591,73
545,stacked_lstm,128,8,32,0.1,0.0828128382563591,73
797,stacked_lstm,128,8,128,0.2,0.0828128382563591,73
437,stacked_lstm,128,8,16,0.1,0.0828128382563591,73
653,stacked_lstm,128,8,64,0.1,0.0828128382563591,73
761,stacked_lstm,128,8,128,0.1,0.0828128382563591,73
581,stacked_lstm,128,8,32,0.2,0.0828128382563591,73
725,stacked_lstm,128,8,64,0.3,0.0828128382563591,73
473,stacked_lstm,128,8,16,0.2,0.0828128382563591,73
617,stacked_lstm,128,8,32,0.3,0.0828128382563591,73
689,stacked_lstm,128,8,64,0.2,0.0828128382563591,73
534,lstm_dense,32,8,16,0.3,0.08381304144859314,11
498,lstm_dense,32,8,16,0.2,0.08381304144859314,11
462,lstm_dense,32,8,16,0.1,0.08381304144859314,11
177,lstm_dropout,32,4,32,0.2,0.08388900756835938,13
69,lstm_dropout,32,4,16,0.2,0.08388900756835938,13
393,lstm_dropout,32,4,128,0.2,0.08388900756835938,13
285,lstm_dropout,32,4,64,0.2,0.08388900756835938,13
1295,lstm_dropout,128,16,128,0.3,0.08400550484657288,14
971,lstm_dropout,128,16,16,0.3,0.08400550484657288,14
1187,lstm_dropout,128,16,64,0.3,0.08400550484657288,14
1079,lstm_dropout,128,16,32,0.3,0.08400550484657288,14
486,lstm_dense,32,8,16,0.2,0.08445810526609421,118
450,lstm_dense,32,8,16,0.1,0.08445810526609421,118
522,lstm_dense,32,8,16,0.3,0.08445810526609421,118
1110,lstm_dense,32,16,64,0.1,0.08550018072128296,15
1182,lstm_dense,32,16,64,0.3,0.08550018072128296,15
1146,lstm_dense,32,16,64,0.2,0.08550018072128296,15
11,lstm_dropout,128,4,16,0.1,0.08597742766141891,26
227,lstm_dropout,128,4,64,0.1,0.08597742766141891,26
119,lstm_dropout,128,4,32,0.1,0.08597742766141891,26
335,lstm_dropout,128,4,128,0.1,0.08597742766141891,26
738,lstm_dense,32,8,64,0.3,0.08610919117927551,182
666,lstm_dense,32,8,64,0.1,0.08610919117927551,182
702,lstm_dense,32,8,64,0.2,0.08610919117927551,182
123,stacked_lstm,32,4,32,0.1,0.08699683099985123,77
87,stacked_lstm,32,4,16,0.3,0.08699683099985123,77
303,stacked_lstm,32,4,64,0.3,0.08699683099985123,77
195,stacked_lstm,32,4,32,0.3,0.08699683099985123,77
15,stacked_lstm,32,4,16,0.1,0.08699683099985123,77
51,stacked_lstm,32,4,16,0.2,0.08699683099985123,77
159,stacked_lstm,32,4,32,0.2,0.08699683099985123,77
339,stacked_lstm,32,4,128,0.1,0.08699683099985123,77
375,stacked_lstm,32,4,128,0.2,0.08699683099985123,77
231,stacked_lstm,32,4,64,0.1,0.08699683099985123,77
411,stacked_lstm,32,4,128,0.3,0.08699683099985123,77
267,stacked_lstm,32,4,64,0.2,0.08699683099985123,77
330,lstm_dense,32,4,128,0.1,0.08786418288946152,30
366,lstm_dense,32,4,128,0.2,0.08786418288946152,30
402,lstm_dense,32,4,128,0.3,0.08786418288946152,30
1052,lstm_dense,128,16,32,0.3,0.08806487917900085,37
1016,lstm_dense,128,16,32,0.2,0.08806487917900085,37
980,lstm_dense,128,16,32,0.1,0.08806487917900085,37
955,lstm_dense,64,16,16,0.3,0.08865167945623398,37
883,lstm_dense,64,16,16,0.1,0.08865167945623398,37
919,lstm_dense,64,16,16,0.2,0.08865167945623398,37
596,lstm_dense,128,8,32,0.2,0.08902999758720398,13
560,lstm_dense,128,8,32,0.1,0.08902999758720398,13
632,lstm_dense,128,8,32,0.3,0.08902999758720398,13
151,lstm_dense,64,4,32,0.2,0.08909303694963455,19
115,lstm_dense,64,4,32,0.1,0.08909303694963455,19
187,lstm_dense,64,4,32,0.3,0.08909303694963455,19
667,lstm_dense,64,8,64,0.1,0.0897764042019844,15
739,lstm_dense,64,8,64,0.3,0.0897764042019844,15
703,lstm_dense,64,8,64,0.2,0.0897764042019844,15
419,lstm_dropout,128,4,128,0.3,0.09011708945035934,12
311,lstm_dropout,128,4,64,0.3,0.09011708945035934,12
203,lstm_dropout,128,4,32,0.3,0.09011708945035934,12
95,lstm_dropout,128,4,16,0.3,0.09011708945035934,12
1114,lstm_dropout,64,16,64,0.1,0.09126224368810654,22
1006,lstm_dropout,64,16,32,0.1,0.09126224368810654,22
898,lstm_dropout,64,16,16,0.1,0.09126224368810654,22
1222,lstm_dropout,64,16,128,0.1,0.09126224368810654,22
1266,lstm_dense,32,16,128,0.3,0.09185343235731125,200
1194,lstm_dense,32,16,128,0.1,0.09185343235731125,200
1230,lstm_dense,32,16,128,0.2,0.09185343235731125,200
1243,lstm_dense,64,16,128,0.2,0.09219980239868164,22
1279,lstm_dense,64,16,128,0.3,0.09219980239868164,22
1207,lstm_dense,64,16,128,0.1,0.09219980239868164,22
371,lstm_dropout,128,4,128,0.2,0.09242099523544312,28
263,lstm_dropout,128,4,64,0.2,0.09242099523544312,28
47,lstm_dropout,128,4,16,0.2,0.09242099523544312,28
155,lstm_dropout,128,4,32,0.2,0.09242099523544312,28
583,lstm_dense,64,8,32,0.2,0.09257370978593826,162
547,lstm_dense,64,8,32,0.1,0.09257370978593826,162
619,lstm_dense,64,8,32,0.3,0.09257370978593826,162
94,lstm_dropout,64,4,16,0.3,0.09338957071304321,25
310,lstm_dropout,64,4,64,0.3,0.09338957071304321,25
418,lstm_dropout,64,4,128,0.3,0.09338957071304321,25
202,lstm_dropout,64,4,32,0.3,0.09338957071304321,25
1254,lstm_dense,32,16,128,0.2,0.09377983957529068,16
1290,lstm_dense,32,16,128,0.3,0.09377983957529068,16
1218,lstm_dense,32,16,128,0.1,0.09377983957529068,16
758,baseline_lstm,128,8,128,0.1,0.0940181240439415,127
578,baseline_lstm,128,8,32,0.2,0.0940181240439415,127
650,baseline_lstm,128,8,64,0.1,0.0940181240439415,127
434,baseline_lstm,128,8,16,0.1,0.0940181240439415,127
614,baseline_lstm,128,8,32,0.3,0.0940181240439415,127
686,baseline_lstm,128,8,64,0.2,0.0940181240439415,127
542,baseline_lstm,128,8,32,0.1,0.0940181240439415,127
506,baseline_lstm,128,8,16,0.3,0.0940181240439415,127
722,baseline_lstm,128,8,64,0.3,0.0940181240439415,127
470,baseline_lstm,128,8,16,0.2,0.0940181240439415,127
794,baseline_lstm,128,8,128,0.2,0.0940181240439415,127
830,baseline_lstm,128,8,128,0.3,0.0940181240439415,127
452,lstm_dense,128,8,16,0.1,0.09429043531417847,13
488,lstm_dense,128,8,16,0.2,0.09429043531417847,13
524,lstm_dense,128,8,16,0.3,0.09429043531417847,13
1214,baseline_lstm,128,16,128,0.1,0.09456250816583633,14
1034,baseline_lstm,128,16,32,0.2,0.09456250816583633,14
926,baseline_lstm,128,16,16,0.2,0.09456250816583633,14
962,baseline_lstm,128,16,16,0.3,0.09456250816583633,14
1106,baseline_lstm,128,16,64,0.1,0.09456250816583633,14
890,baseline_lstm,128,16,16,0.1,0.09456250816583633,14
1070,baseline_lstm,128,16,32,0.3,0.09456250816583633,14
998,baseline_lstm,128,16,32,0.1,0.09456250816583633,14
1142,baseline_lstm,128,16,64,0.2,0.09456250816583633,14
1178,baseline_lstm,128,16,64,0.3,0.09456250816583633,14
1286,baseline_lstm,128,16,128,0.3,0.09456250816583633,14
1250,baseline_lstm,128,16,128,0.2,0.09456250816583633,14
1082,baseline_lstm,128,16,64,0.1,0.09635072946548462,80
866,baseline_lstm,128,16,16,0.1,0.09635072946548462,80
902,baseline_lstm,128,16,16,0.2,0.09635072946548462,80
1010,baseline_lstm,128,16,32,0.2,0.09635072946548462,80
1118,baseline_lstm,128,16,64,0.2,0.09635072946548462,80
974,baseline_lstm,128,16,32,0.1,0.09635072946548462,80
1226,baseline_lstm,128,16,128,0.2,0.09635072946548462,80
1190,baseline_lstm,128,16,128,0.1,0.09635072946548462,80
1046,baseline_lstm,128,16,32,0.3,0.09635072946548462,80
938,baseline_lstm,128,16,16,0.3,0.09635072946548462,80
1154,baseline_lstm,128,16,64,0.3,0.09635072946548462,80
1262,baseline_lstm,128,16,128,0.3,0.09635072946548462,80
1041,lstm_dropout,32,16,32,0.2,0.09688746929168701,27
1149,lstm_dropout,32,16,64,0.2,0.09688746929168701,27
1257,lstm_dropout,32,16,128,0.2,0.09688746929168701,27
933,lstm_dropout,32,16,16,0.2,0.09688746929168701,27
166,lstm_dropout,64,4,32,0.2,0.09870895743370056,19
382,lstm_dropout,64,4,128,0.2,0.09870895743370056,19
274,lstm_dropout,64,4,64,0.2,0.09870895743370056,19
58,lstm_dropout,64,4,16,0.2,0.09870895743370056,19
620,lstm_dense,128,8,32,0.3,0.09871926158666611,29
548,lstm_dense,128,8,32,0.1,0.09871926158666611,29
584,lstm_dense,128,8,32,0.2,0.09871926158666611,29
618,lstm_dense,32,8,32,0.3,0.09969595819711685,91
546,lstm_dense,32,8,32,0.1,0.09969595819711685,91
582,lstm_dense,32,8,32,0.2,0.09969595819711685,91
1186,lstm_dropout,64,16,64,0.3,0.10018076747655869,22
1294,lstm_dropout,64,16,128,0.3,0.10018076747655869,22
970,lstm_dropout,64,16,16,0.3,0.10018076747655869,22
1078,lstm_dropout,64,16,32,0.3,0.10018076747655869,22
914,baseline_lstm,128,16,16,0.2,0.10080182552337646,95
1130,baseline_lstm,128,16,64,0.2,0.10080182552337646,95
1238,baseline_lstm,128,16,128,0.2,0.10080182552337646,95
1022,baseline_lstm,128,16,32,0.2,0.10080182552337646,95
878,baseline_lstm,128,16,16,0.1,0.10080182552337646,95
1274,baseline_lstm,128,16,128,0.3,0.10080182552337646,95
1058,baseline_lstm,128,16,32,0.3,0.10080182552337646,95
1202,baseline_lstm,128,16,128,0.1,0.10080182552337646,95
986,baseline_lstm,128,16,32,0.1,0.10080182552337646,95
1166,baseline_lstm,128,16,64,0.3,0.10080182552337646,95
950,baseline_lstm,128,16,16,0.3,0.10080182552337646,95
1094,baseline_lstm,128,16,64,0.1,0.10080182552337646,95
238,lstm_dropout,64,4,64,0.1,0.10134830325841904,19
346,lstm_dropout,64,4,128,0.1,0.10134830325841904,19
130,lstm_dropout,64,4,32,0.1,0.10134830325841904,19
22,lstm_dropout,64,4,16,0.1,0.10134830325841904,19
707,lstm_dropout,128,8,64,0.2,0.10224922746419907,15
815,lstm_dropout,128,8,128,0.2,0.10224922746419907,15
491,lstm_dropout,128,8,16,0.2,0.10224922746419907,15
599,lstm_dropout,128,8,32,0.2,0.10224922746419907,15
967,lstm_dense,64,16,16,0.3,0.10232704877853394,17
895,lstm_dense,64,16,16,0.1,0.10232704877853394,17
931,lstm_dense,64,16,16,0.2,0.10232704877853394,17
222,lstm_dense,32,4,64,0.1,0.10245406627655029,27
294,lstm_dense,32,4,64,0.3,0.10245406627655029,27
258,lstm_dense,32,4,64,0.2,0.10245406627655029,27
1195,lstm_dense,64,16,128,0.1,0.1034487783908844,36
1267,lstm_dense,64,16,128,0.3,0.1034487783908844,36
1231,lstm_dense,64,16,128,0.2,0.1034487783908844,36
1135,lstm_dense,64,16,64,0.2,0.10363616794347763,23
1099,lstm_dense,64,16,64,0.1,0.10363616794347763,23
1171,lstm_dense,64,16,64,0.3,0.10363616794347763,23
1064,lstm_dense,128,16,32,0.3,0.10413230210542679,24
992,lstm_dense,128,16,32,0.1,0.10413230210542679,24
1028,lstm_dense,128,16,32,0.2,0.10413230210542679,24
964,stacked_lstm,64,16,16,0.3,0.10459575802087784,19
1144,stacked_lstm,64,16,64,0.2,0.10459575802087784,19
1108,stacked_lstm,64,16,64,0.1,0.10459575802087784,19
1180,stacked_lstm,64,16,64,0.3,0.10459575802087784,19
1216,stacked_lstm,64,16,128,0.1,0.10459575802087784,19
1288,stacked_lstm,64,16,128,0.3,0.10459575802087784,19
892,stacked_lstm,64,16,16,0.1,0.10459575802087784,19
928,stacked_lstm,64,16,16,0.2,0.10459575802087784,19
1000,stacked_lstm,64,16,32,0.1,0.10459575802087784,19
1072,stacked_lstm,64,16,32,0.3,0.10459575802087784,19
1036,stacked_lstm,64,16,32,0.2,0.10459575802087784,19
1252,stacked_lstm,64,16,128,0.2,0.10459575802087784,19
512,lstm_dense,128,8,16,0.3,0.1050594225525856,23
440,lstm_dense,128,8,16,0.1,0.1050594225525856,23
476,lstm_dense,128,8,16,0.2,0.1050594225525856,23
884,lstm_dense,128,16,16,0.1,0.10508885234594345,18
920,lstm_dense,128,16,16,0.2,0.10508885234594345,18
956,lstm_dense,128,16,16,0.3,0.10508885234594345,18
745,baseline_lstm,64,8,64,0.3,0.10549601912498474,8
565,baseline_lstm,64,8,32,0.1,0.10549601912498474,8
457,baseline_lstm,64,8,16,0.1,0.10549601912498474,8
853,baseline_lstm,64,8,128,0.3,0.10549601912498474,8
601,baseline_lstm,64,8,32,0.2,0.10549601912498474,8
709,baseline_lstm,64,8,64,0.2,0.10549601912498474,8
673,baseline_lstm,64,8,64,0.1,0.10549601912498474,8
637,baseline_lstm,64,8,32,0.3,0.10549601912498474,8
529,baseline_lstm,64,8,16,0.3,0.10549601912498474,8
493,baseline_lstm,64,8,16,0.2,0.10549601912498474,8
781,baseline_lstm,64,8,128,0.1,0.10549601912498474,8
817,baseline_lstm,64,8,128,0.2,0.10549601912498474,8
527,lstm_dropout,128,8,16,0.3,0.10563713312149048,15
635,lstm_dropout,128,8,32,0.3,0.10563713312149048,15
743,lstm_dropout,128,8,64,0.3,0.10563713312149048,15
851,lstm_dropout,128,8,128,0.3,0.10563713312149048,15
1002,lstm_dense,32,16,32,0.1,0.10602555423974991,23
1074,lstm_dense,32,16,32,0.3,0.10602555423974991,23
1038,lstm_dense,32,16,32,0.2,0.10602555423974991,23
799,lstm_dense,64,8,128,0.2,0.10695867985486984,28
763,lstm_dense,64,8,128,0.1,0.10695867985486984,28
835,lstm_dense,64,8,128,0.3,0.10695867985486984,28
487,lstm_dense,64,8,16,0.2,0.1070769801735878,26
523,lstm_dense,64,8,16,0.3,0.1070769801735878,26
451,lstm_dense,64,8,16,0.1,0.1070769801735878,26
943,lstm_dense,64,16,16,0.3,0.10748493671417236,57
907,lstm_dense,64,16,16,0.2,0.10748493671417236,57
871,lstm_dense,64,16,16,0.1,0.10748493671417236,57
803,lstm_dropout,128,8,128,0.2,0.10863718390464783,26
479,lstm_dropout,128,8,16,0.2,0.10863718390464783,26
695,lstm_dropout,128,8,64,0.2,0.10863718390464783,26
587,lstm_dropout,128,8,32,0.2,0.10863718390464783,26
979,lstm_dense,64,16,32,0.1,0.110784150660038,105
1015,lstm_dense,64,16,32,0.2,0.110784150660038,105
1051,lstm_dense,64,16,32,0.3,0.110784150660038,105
1123,lstm_dense,64,16,64,0.2,0.11411178112030029,39
1087,lstm_dense,64,16,64,0.1,0.11411178112030029,39
1159,lstm_dense,64,16,64,0.3,0.11411178112030029,39
114,lstm_dense,32,4,32,0.1,0.11572273820638657,36
150,lstm_dense,32,4,32,0.2,0.11572273820638657,36
186,lstm_dense,32,4,32,0.3,0.11572273820638657,36
894,lstm_dense,32,16,16,0.1,0.11606373637914658,15
930,lstm_dense,32,16,16,0.2,0.11606373637914658,15
966,lstm_dense,32,16,16,0.3,0.11606373637914658,15
1211,lstm_dropout,128,16,128,0.1,0.11672812700271606,27
887,lstm_dropout,128,16,16,0.1,0.11672812700271606,27
1103,lstm_dropout,128,16,64,0.1,0.11672812700271606,27
995,lstm_dropout,128,16,32,0.1,0.11672812700271606,27
1055,lstm_dropout,128,16,32,0.3,0.1181958019733429,44
1271,lstm_dropout,128,16,128,0.3,0.1181958019733429,44
1163,lstm_dropout,128,16,64,0.3,0.1181958019733429,44
947,lstm_dropout,128,16,16,0.3,0.1181958019733429,44
774,lstm_dense,32,8,128,0.1,0.11902401596307755,28
846,lstm_dense,32,8,128,0.3,0.11902401596307755,28
810,lstm_dense,32,8,128,0.2,0.11902401596307755,28
438,lstm_dense,32,8,16,0.1,0.1198444589972496,169
510,lstm_dense,32,8,16,0.3,0.1198444589972496,169
474,lstm_dense,32,8,16,0.2,0.1198444589972496,169
706,lstm_dropout,64,8,64,0.2,0.11995702236890793,28
490,lstm_dropout,64,8,16,0.2,0.11995702236890793,28
814,lstm_dropout,64,8,128,0.2,0.11995702236890793,28
598,lstm_dropout,64,8,32,0.2,0.11995702236890793,28
911,lstm_dropout,128,16,16,0.2,0.12144150584936142,39
1235,lstm_dropout,128,16,128,0.2,0.12144150584936142,39
1019,lstm_dropout,128,16,32,0.2,0.12144150584936142,39
1127,lstm_dropout,128,16,64,0.2,0.12144150584936142,39
726,lstm_dense,32,8,64,0.3,0.12148842215538025,82
654,lstm_dense,32,8,64,0.1,0.12148842215538025,82
690,lstm_dense,32,8,64,0.2,0.12148842215538025,82
455,lstm_dropout,128,8,16,0.1,0.12256034463644028,13
671,lstm_dropout,128,8,64,0.1,0.12256034463644028,13
563,lstm_dropout,128,8,32,0.1,0.12256034463644028,13
779,lstm_dropout,128,8,128,0.1,0.12256034463644028,13
406,lstm_dropout,64,4,128,0.3,0.12496647983789444,39
82,lstm_dropout,64,4,16,0.3,0.12496647983789444,39
298,lstm_dropout,64,4,64,0.3,0.12496647983789444,39
190,lstm_dropout,64,4,32,0.3,0.12496647983789444,39
511,lstm_dense,64,8,16,0.3,0.12569259107112885,32
439,lstm_dense,64,8,16,0.1,0.12569259107112885,32
475,lstm_dense,64,8,16,0.2,0.12569259107112885,32
10,lstm_dropout,64,4,16,0.1,0.12722079455852509,29
118,lstm_dropout,64,4,32,0.1,0.12722079455852509,29
226,lstm_dropout,64,4,64,0.1,0.12722079455852509,29
334,lstm_dropout,64,4,128,0.1,0.12722079455852509,29
631,lstm_dense,64,8,32,0.3,0.12747155129909515,20
595,lstm_dense,64,8,32,0.2,0.12747155129909515,20
559,lstm_dense,64,8,32,0.1,0.12747155129909515,20
731,lstm_dropout,128,8,64,0.3,0.1294102966785431,27
623,lstm_dropout,128,8,32,0.3,0.1294102966785431,27
515,lstm_dropout,128,8,16,0.3,0.1294102966785431,27
839,lstm_dropout,128,8,128,0.3,0.1294102966785431,27
850,lstm_dropout,64,8,128,0.3,0.13420327007770538,28
634,lstm_dropout,64,8,32,0.3,0.13420327007770538,28
742,lstm_dropout,64,8,64,0.3,0.13420327007770538,28
526,lstm_dropout,64,8,16,0.3,0.13420327007770538,28
659,lstm_dropout,128,8,64,0.1,0.1343117654323578,26
551,lstm_dropout,128,8,32,0.1,0.1343117654323578,26
767,lstm_dropout,128,8,128,0.1,0.1343117654323578,26
443,lstm_dropout,128,8,16,0.1,0.1343117654323578,26
959,lstm_dropout,128,16,16,0.3,0.13764922320842743,22
1175,lstm_dropout,128,16,64,0.3,0.13764922320842743,22
1067,lstm_dropout,128,16,32,0.3,0.13764922320842743,22
1283,lstm_dropout,128,16,128,0.3,0.13764922320842743,22
1063,lstm_dense,64,16,32,0.3,0.13870389759540558,27
1027,lstm_dense,64,16,32,0.2,0.13870389759540558,27
991,lstm_dense,64,16,32,0.1,0.13870389759540558,27
1086,lstm_dense,32,16,64,0.1,0.13944123685359955,54
1122,lstm_dense,32,16,64,0.2,0.13944123685359955,54
1158,lstm_dense,32,16,64,0.3,0.13944123685359955,54
1066,lstm_dropout,64,16,32,0.3,0.1435239017009735,42
1282,lstm_dropout,64,16,128,0.3,0.1435239017009735,42
958,lstm_dropout,64,16,16,0.3,0.1435239017009735,42
1174,lstm_dropout,64,16,64,0.3,0.1435239017009735,42
154,lstm_dropout,64,4,32,0.2,0.14593829214572906,25
262,lstm_dropout,64,4,64,0.2,0.14593829214572906,25
46,lstm_dropout,64,4,16,0.2,0.14593829214572906,25
370,lstm_dropout,64,4,128,0.2,0.14593829214572906,25
875,lstm_dropout,128,16,16,0.1,0.1496669352054596,36
1199,lstm_dropout,128,16,128,0.1,0.1496669352054596,36
983,lstm_dropout,128,16,32,0.1,0.1496669352054596,36
1091,lstm_dropout,128,16,64,0.1,0.1496669352054596,36
946,lstm_dropout,64,16,16,0.3,0.15372608602046967,67
1270,lstm_dropout,64,16,128,0.3,0.15372608602046967,67
1054,lstm_dropout,64,16,32,0.3,0.15372608602046967,67
1162,lstm_dropout,64,16,64,0.3,0.15372608602046967,67
982,lstm_dropout,64,16,32,0.1,0.15517517924308777,66
1198,lstm_dropout,64,16,128,0.1,0.15517517924308777,66
1090,lstm_dropout,64,16,64,0.1,0.15517517924308777,66
874,lstm_dropout,64,16,16,0.1,0.15517517924308777,66
1246,lstm_dropout,64,16,128,0.2,0.15540951490402222,36
1138,lstm_dropout,64,16,64,0.2,0.15540951490402222,36
922,lstm_dropout,64,16,16,0.2,0.15540951490402222,36
1030,lstm_dropout,64,16,32,0.2,0.15540951490402222,36
838,lstm_dropout,64,8,128,0.3,0.1593143194913864,41
514,lstm_dropout,64,8,16,0.3,0.1593143194913864,41
622,lstm_dropout,64,8,32,0.3,0.1593143194913864,41
730,lstm_dropout,64,8,64,0.3,0.1593143194913864,41
562,lstm_dropout,64,8,32,0.1,0.15936720371246338,21
778,lstm_dropout,64,8,128,0.1,0.15936720371246338,21
670,lstm_dropout,64,8,64,0.1,0.15936720371246338,21
454,lstm_dropout,64,8,16,0.1,0.15936720371246338,21
1229,stacked_lstm,128,16,128,0.2,0.16084714233875275,28
1049,stacked_lstm,128,16,32,0.3,0.16084714233875275,28
1121,stacked_lstm,128,16,64,0.2,0.16084714233875275,28
1157,stacked_lstm,128,16,64,0.3,0.16084714233875275,28
1013,stacked_lstm,128,16,32,0.2,0.16084714233875275,28
905,stacked_lstm,128,16,16,0.2,0.16084714233875275,28
1193,stacked_lstm,128,16,128,0.1,0.16084714233875275,28
941,stacked_lstm,128,16,16,0.3,0.16084714233875275,28
977,stacked_lstm,128,16,32,0.1,0.16084714233875275,28
869,stacked_lstm,128,16,16,0.1,0.16084714233875275,28
1085,stacked_lstm,128,16,64,0.1,0.16084714233875275,28
1265,stacked_lstm,128,16,128,0.3,0.16084714233875275,28
994,lstm_dropout,64,16,32,0.1,0.1614801436662674,36
886,lstm_dropout,64,16,16,0.1,0.1614801436662674,36
1102,lstm_dropout,64,16,64,0.1,0.1614801436662674,36
1210,lstm_dropout,64,16,128,0.1,0.1614801436662674,36
658,lstm_dropout,64,8,64,0.1,0.16313578188419342,38
442,lstm_dropout,64,8,16,0.1,0.16313578188419342,38
550,lstm_dropout,64,8,32,0.1,0.16313578188419342,38
766,lstm_dropout,64,8,128,0.1,0.16313578188419342,38
1126,lstm_dropout,64,16,64,0.2,0.16584999859333038,61
1018,lstm_dropout,64,16,32,0.2,0.16584999859333038,61
910,lstm_dropout,64,16,16,0.2,0.16584999859333038,61
1234,lstm_dropout,64,16,128,0.2,0.16584999859333038,61
1139,lstm_dropout,128,16,64,0.2,0.17065578699111938,20
923,lstm_dropout,128,16,16,0.2,0.17065578699111938,20
1031,lstm_dropout,128,16,32,0.2,0.17065578699111938,20
1247,lstm_dropout,128,16,128,0.2,0.17065578699111938,20
1021,baseline_lstm,64,16,32,0.2,0.17087404429912567,32
949,baseline_lstm,64,16,16,0.3,0.17087404429912567,32
1201,baseline_lstm,64,16,128,0.1,0.17087404429912567,32
1273,baseline_lstm,64,16,128,0.3,0.17087404429912567,32
985,baseline_lstm,64,16,32,0.1,0.17087404429912567,32
913,baseline_lstm,64,16,16,0.2,0.17087404429912567,32
1237,baseline_lstm,64,16,128,0.2,0.17087404429912567,32
1165,baseline_lstm,64,16,64,0.3,0.17087404429912567,32
1129,baseline_lstm,64,16,64,0.2,0.17087404429912567,32
1057,baseline_lstm,64,16,32,0.3,0.17087404429912567,32
877,baseline_lstm,64,16,16,0.1,0.17087404429912567,32
1093,baseline_lstm,64,16,64,0.1,0.17087404429912567,32
989,stacked_lstm,128,16,32,0.1,0.17206400632858276,16
917,stacked_lstm,128,16,16,0.2,0.17206400632858276,16
881,stacked_lstm,128,16,16,0.1,0.17206400632858276,16
953,stacked_lstm,128,16,16,0.3,0.17206400632858276,16
1025,stacked_lstm,128,16,32,0.2,0.17206400632858276,16
1241,stacked_lstm,128,16,128,0.2,0.17206400632858276,16
1205,stacked_lstm,128,16,128,0.1,0.17206400632858276,16
1061,stacked_lstm,128,16,32,0.3,0.17206400632858276,16
1169,stacked_lstm,128,16,64,0.3,0.17206400632858276,16
1277,stacked_lstm,128,16,128,0.3,0.17206400632858276,16
1097,stacked_lstm,128,16,64,0.1,0.17206400632858276,16
1133,stacked_lstm,128,16,64,0.2,0.17206400632858276,16
1105,baseline_lstm,64,16,64,0.1,0.17321746051311493,11
1177,baseline_lstm,64,16,64,0.3,0.17321746051311493,11
1141,baseline_lstm,64,16,64,0.2,0.17321746051311493,11
961,baseline_lstm,64,16,16,0.3,0.17321746051311493,11
925,baseline_lstm,64,16,16,0.2,0.17321746051311493,11
1249,baseline_lstm,64,16,128,0.2,0.17321746051311493,11
1285,baseline_lstm,64,16,128,0.3,0.17321746051311493,11
1069,baseline_lstm,64,16,32,0.3,0.17321746051311493,11
1213,baseline_lstm,64,16,128,0.1,0.17321746051311493,11
889,baseline_lstm,64,16,16,0.1,0.17321746051311493,11
1033,baseline_lstm,64,16,32,0.2,0.17321746051311493,11
997,baseline_lstm,64,16,32,0.1,0.17321746051311493,11
918,lstm_dense,32,16,16,0.2,0.1764272004365921,45
882,lstm_dense,32,16,16,0.1,0.1764272004365921,45
954,lstm_dense,32,16,16,0.3,0.1764272004365921,45
802,lstm_dropout,64,8,128,0.2,0.1788737177848816,35
694,lstm_dropout,64,8,64,0.2,0.1788737177848816,35
586,lstm_dropout,64,8,32,0.2,0.1788737177848816,35
478,lstm_dropout,64,8,16,0.2,0.1788737177848816,35
1012,stacked_lstm,64,16,32,0.2,0.18472836911678314,36
1084,stacked_lstm,64,16,64,0.1,0.18472836911678314,36
940,stacked_lstm,64,16,16,0.3,0.18472836911678314,36
1156,stacked_lstm,64,16,64,0.3,0.18472836911678314,36
1120,stacked_lstm,64,16,64,0.2,0.18472836911678314,36
904,stacked_lstm,64,16,16,0.2,0.18472836911678314,36
1048,stacked_lstm,64,16,32,0.3,0.18472836911678314,36
1228,stacked_lstm,64,16,128,0.2,0.18472836911678314,36
1264,stacked_lstm,64,16,128,0.3,0.18472836911678314,36
976,stacked_lstm,64,16,32,0.1,0.18472836911678314,36
868,stacked_lstm,64,16,16,0.1,0.18472836911678314,36
1192,stacked_lstm,64,16,128,0.1,0.18472836911678314,36
1081,baseline_lstm,64,16,64,0.1,0.18782509863376617,53
1189,baseline_lstm,64,16,128,0.1,0.18782509863376617,53
973,baseline_lstm,64,16,32,0.1,0.18782509863376617,53
865,baseline_lstm,64,16,16,0.1,0.18782509863376617,53
901,baseline_lstm,64,16,16,0.2,0.18782509863376617,53
1225,baseline_lstm,64,16,128,0.2,0.18782509863376617,53
1009,baseline_lstm,64,16,32,0.2,0.18782509863376617,53
1045,baseline_lstm,64,16,32,0.3,0.18782509863376617,53
937,baseline_lstm,64,16,16,0.3,0.18782509863376617,53
1153,baseline_lstm,64,16,64,0.3,0.18782509863376617,53
1117,baseline_lstm,64,16,64,0.2,0.18782509863376617,53
1261,baseline_lstm,64,16,128,0.3,0.18782509863376617,53
870,lstm_dense,32,16,16,0.1,0.19780416786670685,82
906,lstm_dense,32,16,16,0.2,0.19780416786670685,82
942,lstm_dense,32,16,16,0.3,0.19780416786670685,82
445,baseline_lstm,64,8,16,0.1,0.19946074485778809,18
697,baseline_lstm,64,8,64,0.2,0.19946074485778809,18
553,baseline_lstm,64,8,32,0.1,0.19946074485778809,18
841,baseline_lstm,64,8,128,0.3,0.19946074485778809,18
661,baseline_lstm,64,8,64,0.1,0.19946074485778809,18
589,baseline_lstm,64,8,32,0.2,0.19946074485778809,18
805,baseline_lstm,64,8,128,0.2,0.19946074485778809,18
769,baseline_lstm,64,8,128,0.1,0.19946074485778809,18
625,baseline_lstm,64,8,32,0.3,0.19946074485778809,18
481,baseline_lstm,64,8,16,0.2,0.19946074485778809,18
517,baseline_lstm,64,8,16,0.3,0.19946074485778809,18
733,baseline_lstm,64,8,64,0.3,0.19946074485778809,18
613,baseline_lstm,64,8,32,0.3,0.20194727182388306,31
721,baseline_lstm,64,8,64,0.3,0.20194727182388306,31
649,baseline_lstm,64,8,64,0.1,0.20194727182388306,31
757,baseline_lstm,64,8,128,0.1,0.20194727182388306,31
793,baseline_lstm,64,8,128,0.2,0.20194727182388306,31
829,baseline_lstm,64,8,128,0.3,0.20194727182388306,31
433,baseline_lstm,64,8,16,0.1,0.20194727182388306,31
469,baseline_lstm,64,8,16,0.2,0.20194727182388306,31
505,baseline_lstm,64,8,16,0.3,0.20194727182388306,31
541,baseline_lstm,64,8,32,0.1,0.20194727182388306,31
685,baseline_lstm,64,8,64,0.2,0.20194727182388306,31
577,baseline_lstm,64,8,32,0.2,0.20194727182388306,31
796,stacked_lstm,64,8,128,0.2,0.20841048657894135,23
616,stacked_lstm,64,8,32,0.3,0.20841048657894135,23
508,stacked_lstm,64,8,16,0.3,0.20841048657894135,23
688,stacked_lstm,64,8,64,0.2,0.20841048657894135,23
652,stacked_lstm,64,8,64,0.1,0.20841048657894135,23
472,stacked_lstm,64,8,16,0.2,0.20841048657894135,23
832,stacked_lstm,64,8,128,0.3,0.20841048657894135,23
724,stacked_lstm,64,8,64,0.3,0.20841048657894135,23
544,stacked_lstm,64,8,32,0.1,0.20841048657894135,23
436,stacked_lstm,64,8,16,0.1,0.20841048657894135,23
580,stacked_lstm,64,8,32,0.2,0.20841048657894135,23
760,stacked_lstm,64,8,128,0.1,0.20841048657894135,23
972,baseline_lstm,32,16,32,0.1,0.21160495281219482,78
1188,baseline_lstm,32,16,128,0.1,0.21160495281219482,78
1116,baseline_lstm,32,16,64,0.2,0.21160495281219482,78
1152,baseline_lstm,32,16,64,0.3,0.21160495281219482,78
1260,baseline_lstm,32,16,128,0.3,0.21160495281219482,78
936,baseline_lstm,32,16,16,0.3,0.21160495281219482,78
1044,baseline_lstm,32,16,32,0.3,0.21160495281219482,78
864,baseline_lstm,32,16,16,0.1,0.21160495281219482,78
1008,baseline_lstm,32,16,32,0.2,0.21160495281219482,78
1224,baseline_lstm,32,16,128,0.2,0.21160495281219482,78
900,baseline_lstm,32,16,16,0.2,0.21160495281219482,78
1080,baseline_lstm,32,16,64,0.1,0.21160495281219482,78
1236,baseline_lstm,32,16,128,0.2,0.21171478927135468,42
1020,baseline_lstm,32,16,32,0.2,0.21171478927135468,42
1272,baseline_lstm,32,16,128,0.3,0.21171478927135468,42
876,baseline_lstm,32,16,16,0.1,0.21171478927135468,42
948,baseline_lstm,32,16,16,0.3,0.21171478927135468,42
1092,baseline_lstm,32,16,64,0.1,0.21171478927135468,42
1164,baseline_lstm,32,16,64,0.3,0.21171478927135468,42
912,baseline_lstm,32,16,16,0.2,0.21171478927135468,42
984,baseline_lstm,32,16,32,0.1,0.21171478927135468,42
1128,baseline_lstm,32,16,64,0.2,0.21171478927135468,42
1056,baseline_lstm,32,16,32,0.3,0.21171478927135468,42
1200,baseline_lstm,32,16,128,0.1,0.21171478927135468,42
741,lstm_dropout,32,8,64,0.3,0.2123894840478897,39
525,lstm_dropout,32,8,16,0.3,0.2123894840478897,39
849,lstm_dropout,32,8,128,0.3,0.2123894840478897,39
633,lstm_dropout,32,8,32,0.3,0.2123894840478897,39
720,baseline_lstm,32,8,64,0.3,0.22077445685863495,45
468,baseline_lstm,32,8,16,0.2,0.22077445685863495,45
828,baseline_lstm,32,8,128,0.3,0.22077445685863495,45
792,baseline_lstm,32,8,128,0.2,0.22077445685863495,45
756,baseline_lstm,32,8,128,0.1,0.22077445685863495,45
612,baseline_lstm,32,8,32,0.3,0.22077445685863495,45
540,baseline_lstm,32,8,32,0.1,0.22077445685863495,45
576,baseline_lstm,32,8,32,0.2,0.22077445685863495,45
432,baseline_lstm,32,8,16,0.1,0.22077445685863495,45
648,baseline_lstm,32,8,64,0.1,0.22077445685863495,45
504,baseline_lstm,32,8,16,0.3,0.22077445685863495,45
684,baseline_lstm,32,8,64,0.2,0.22077445685863495,45
1132,stacked_lstm,64,16,64,0.2,0.22086410224437714,22
952,stacked_lstm,64,16,16,0.3,0.22086410224437714,22
880,stacked_lstm,64,16,16,0.1,0.22086410224437714,22
1096,stacked_lstm,64,16,64,0.1,0.22086410224437714,22
988,stacked_lstm,64,16,32,0.1,0.22086410224437714,22
916,stacked_lstm,64,16,16,0.2,0.22086410224437714,22
1168,stacked_lstm,64,16,64,0.3,0.22086410224437714,22
1276,stacked_lstm,64,16,128,0.3,0.22086410224437714,22
1204,stacked_lstm,64,16,128,0.1,0.22086410224437714,22
1240,stacked_lstm,64,16,128,0.2,0.22086410224437714,22
1060,stacked_lstm,64,16,32,0.3,0.22086410224437714,22
1024,stacked_lstm,64,16,32,0.2,0.22086410224437714,22
804,baseline_lstm,32,8,128,0.2,0.22272008657455444,24
840,baseline_lstm,32,8,128,0.3,0.22272008657455444,24
696,baseline_lstm,32,8,64,0.2,0.22272008657455444,24
732,baseline_lstm,32,8,64,0.3,0.22272008657455444,24
768,baseline_lstm,32,8,128,0.1,0.22272008657455444,24
660,baseline_lstm,32,8,64,0.1,0.22272008657455444,24
588,baseline_lstm,32,8,32,0.2,0.22272008657455444,24
516,baseline_lstm,32,8,16,0.3,0.22272008657455444,24
444,baseline_lstm,32,8,16,0.1,0.22272008657455444,24
552,baseline_lstm,32,8,32,0.1,0.22272008657455444,24
624,baseline_lstm,32,8,32,0.3,0.22272008657455444,24
480,baseline_lstm,32,8,16,0.2,0.22272008657455444,24
288,baseline_lstm,32,4,64,0.3,0.2314247339963913,27
360,baseline_lstm,32,4,128,0.2,0.2314247339963913,27
144,baseline_lstm,32,4,32,0.2,0.2314247339963913,27
324,baseline_lstm,32,4,128,0.1,0.2314247339963913,27
252,baseline_lstm,32,4,64,0.2,0.2314247339963913,27
36,baseline_lstm,32,4,16,0.2,0.2314247339963913,27
396,baseline_lstm,32,4,128,0.3,0.2314247339963913,27
72,baseline_lstm,32,4,16,0.3,0.2314247339963913,27
216,baseline_lstm,32,4,64,0.1,0.2314247339963913,27
180,baseline_lstm,32,4,32,0.3,0.2314247339963913,27
108,baseline_lstm,32,4,32,0.1,0.2314247339963913,27
0,baseline_lstm,32,4,16,0.1,0.2314247339963913,27
129,lstm_dropout,32,4,32,0.1,0.2422911375761032,25
21,lstm_dropout,32,4,16,0.1,0.2422911375761032,25
237,lstm_dropout,32,4,64,0.1,0.2422911375761032,25
345,lstm_dropout,32,4,128,0.1,0.2422911375761032,25
520,stacked_lstm,64,8,16,0.3,0.2423427551984787,22
448,stacked_lstm,64,8,16,0.1,0.2423427551984787,22
808,stacked_lstm,64,8,128,0.2,0.2423427551984787,22
772,stacked_lstm,64,8,128,0.1,0.2423427551984787,22
556,stacked_lstm,64,8,32,0.1,0.2423427551984787,22
592,stacked_lstm,64,8,32,0.2,0.2423427551984787,22
664,stacked_lstm,64,8,64,0.1,0.2423427551984787,22
628,stacked_lstm,64,8,32,0.3,0.2423427551984787,22
484,stacked_lstm,64,8,16,0.2,0.2423427551984787,22
736,stacked_lstm,64,8,64,0.3,0.2423427551984787,22
700,stacked_lstm,64,8,64,0.2,0.2423427551984787,22
844,stacked_lstm,64,8,128,0.3,0.2423427551984787,22
336,baseline_lstm,32,4,128,0.1,0.24238820374011993,15
372,baseline_lstm,32,4,128,0.2,0.24238820374011993,15
156,baseline_lstm,32,4,32,0.2,0.24238820374011993,15
264,baseline_lstm,32,4,64,0.2,0.24238820374011993,15
408,baseline_lstm,32,4,128,0.3,0.24238820374011993,15
300,baseline_lstm,32,4,64,0.3,0.24238820374011993,15
84,baseline_lstm,32,4,16,0.3,0.24238820374011993,15
12,baseline_lstm,32,4,16,0.1,0.24238820374011993,15
192,baseline_lstm,32,4,32,0.3,0.24238820374011993,15
120,baseline_lstm,32,4,32,0.1,0.24238820374011993,15
48,baseline_lstm,32,4,16,0.2,0.24238820374011993,15
228,baseline_lstm,32,4,64,0.1,0.24238820374011993,15
165,lstm_dropout,32,4,32,0.2,0.24268989264965057,25
57,lstm_dropout,32,4,16,0.2,0.24268989264965057,25
273,lstm_dropout,32,4,64,0.2,0.24268989264965057,25
381,lstm_dropout,32,4,128,0.2,0.24268989264965057,25
225,lstm_dropout,32,4,64,0.1,0.2500626742839813,43
117,lstm_dropout,32,4,32,0.1,0.2500626742839813,43
333,lstm_dropout,32,4,128,0.1,0.2500626742839813,43
9,lstm_dropout,32,4,16,0.1,0.2500626742839813,43
801,lstm_dropout,32,8,128,0.2,0.2518213987350464,81
477,lstm_dropout,32,8,16,0.2,0.2518213987350464,81
585,lstm_dropout,32,8,32,0.2,0.2518213987350464,81
693,lstm_dropout,32,8,64,0.2,0.2518213987350464,81
597,lstm_dropout,32,8,32,0.2,0.25658583641052246,47
813,lstm_dropout,32,8,128,0.2,0.25658583641052246,47
705,lstm_dropout,32,8,64,0.2,0.25658583641052246,47
489,lstm_dropout,32,8,16,0.2,0.25658583641052246,47
921,lstm_dropout,32,16,16,0.2,0.2626720368862152,58
1137,lstm_dropout,32,16,64,0.2,0.2626720368862152,58
1245,lstm_dropout,32,16,128,0.2,0.2626720368862152,58
1029,lstm_dropout,32,16,32,0.2,0.2626720368862152,58
1197,lstm_dropout,32,16,128,0.1,0.2653248608112335,117
873,lstm_dropout,32,16,16,0.1,0.2653248608112335,117
1089,lstm_dropout,32,16,64,0.1,0.2653248608112335,117
981,lstm_dropout,32,16,32,0.1,0.2653248608112335,117
417,lstm_dropout,32,4,128,0.3,0.2664303481578827,35
93,lstm_dropout,32,4,16,0.3,0.2664303481578827,35
309,lstm_dropout,32,4,64,0.3,0.2664303481578827,35
201,lstm_dropout,32,4,32,0.3,0.2664303481578827,35
1206,lstm_dense,32,16,128,0.1,0.2693992853164673,9
1278,lstm_dense,32,16,128,0.3,0.2693992853164673,9
1242,lstm_dense,32,16,128,0.2,0.2693992853164673,9
765,lstm_dropout,32,8,128,0.1,0.2735067307949066,68
549,lstm_dropout,32,8,32,0.1,0.2735067307949066,68
441,lstm_dropout,32,8,16,0.1,0.2735067307949066,68
657,lstm_dropout,32,8,64,0.1,0.2735067307949066,68
261,lstm_dropout,32,4,64,0.2,0.27546530961990356,35
369,lstm_dropout,32,4,128,0.2,0.27546530961990356,35
153,lstm_dropout,32,4,32,0.2,0.27546530961990356,35
45,lstm_dropout,32,4,16,0.2,0.27546530961990356,35
777,lstm_dropout,32,8,128,0.1,0.2801339328289032,39
453,lstm_dropout,32,8,16,0.1,0.2801339328289032,39
669,lstm_dropout,32,8,64,0.1,0.2801339328289032,39
561,lstm_dropout,32,8,32,0.1,0.2801339328289032,39
1134,lstm_dense,32,16,64,0.2,0.28058791160583496,7
1170,lstm_dense,32,16,64,0.3,0.28058791160583496,7
1098,lstm_dense,32,16,64,0.1,0.28058791160583496,7
1119,stacked_lstm,32,16,64,0.2,0.2845748960971832,55
1047,stacked_lstm,32,16,32,0.3,0.2845748960971832,55
867,stacked_lstm,32,16,16,0.1,0.2845748960971832,55
1263,stacked_lstm,32,16,128,0.3,0.2845748960971832,55
1011,stacked_lstm,32,16,32,0.2,0.2845748960971832,55
1155,stacked_lstm,32,16,64,0.3,0.2845748960971832,55
975,stacked_lstm,32,16,32,0.1,0.2845748960971832,55
939,stacked_lstm,32,16,16,0.3,0.2845748960971832,55
1227,stacked_lstm,32,16,128,0.2,0.2845748960971832,55
1083,stacked_lstm,32,16,64,0.1,0.2845748960971832,55
1191,stacked_lstm,32,16,128,0.1,0.2845748960971832,55
903,stacked_lstm,32,16,16,0.2,0.2845748960971832,55
837,lstm_dropout,32,8,128,0.3,0.2853611409664154,50
513,lstm_dropout,32,8,16,0.3,0.2853611409664154,50
621,lstm_dropout,32,8,32,0.3,0.2853611409664154,50
729,lstm_dropout,32,8,64,0.3,0.2853611409664154,50
471,stacked_lstm,32,8,16,0.2,0.2926281988620758,31
543,stacked_lstm,32,8,32,0.1,0.2926281988620758,31
435,stacked_lstm,32,8,16,0.1,0.2926281988620758,31
687,stacked_lstm,32,8,64,0.2,0.2926281988620758,31
579,stacked_lstm,32,8,32,0.2,0.2926281988620758,31
651,stacked_lstm,32,8,64,0.1,0.2926281988620758,31
795,stacked_lstm,32,8,128,0.2,0.2926281988620758,31
759,stacked_lstm,32,8,128,0.1,0.2926281988620758,31
723,stacked_lstm,32,8,64,0.3,0.2926281988620758,31
615,stacked_lstm,32,8,32,0.3,0.2926281988620758,31
831,stacked_lstm,32,8,128,0.3,0.2926281988620758,31
507,stacked_lstm,32,8,16,0.3,0.2926281988620758,31
81,lstm_dropout,32,4,16,0.3,0.3016757667064667,36
297,lstm_dropout,32,4,64,0.3,0.3016757667064667,36
189,lstm_dropout,32,4,32,0.3,0.3016757667064667,36
405,lstm_dropout,32,4,128,0.3,0.3016757667064667,36
519,stacked_lstm,32,8,16,0.3,0.3060661852359772,23
483,stacked_lstm,32,8,16,0.2,0.3060661852359772,23
807,stacked_lstm,32,8,128,0.2,0.3060661852359772,23
843,stacked_lstm,32,8,128,0.3,0.3060661852359772,23
699,stacked_lstm,32,8,64,0.2,0.3060661852359772,23
735,stacked_lstm,32,8,64,0.3,0.3060661852359772,23
591,stacked_lstm,32,8,32,0.2,0.3060661852359772,23
555,stacked_lstm,32,8,32,0.1,0.3060661852359772,23
447,stacked_lstm,32,8,16,0.1,0.3060661852359772,23
663,stacked_lstm,32,8,64,0.1,0.3060661852359772,23
627,stacked_lstm,32,8,32,0.3,0.3060661852359772,23
771,stacked_lstm,32,8,128,0.1,0.3060661852359772,23
183,stacked_lstm,32,4,32,0.3,0.3083595931529999,18
363,stacked_lstm,32,4,128,0.2,0.3083595931529999,18
327,stacked_lstm,32,4,128,0.1,0.3083595931529999,18
255,stacked_lstm,32,4,64,0.2,0.3083595931529999,18
291,stacked_lstm,32,4,64,0.3,0.3083595931529999,18
399,stacked_lstm,32,4,128,0.3,0.3083595931529999,18
147,stacked_lstm,32,4,32,0.2,0.3083595931529999,18
75,stacked_lstm,32,4,16,0.3,0.3083595931529999,18
111,stacked_lstm,32,4,32,0.1,0.3083595931529999,18
39,stacked_lstm,32,4,16,0.2,0.3083595931529999,18
219,stacked_lstm,32,4,64,0.1,0.3083595931529999,18
3,stacked_lstm,32,4,16,0.1,0.3083595931529999,18
915,stacked_lstm,32,16,16,0.2,0.32428568601608276,10
1131,stacked_lstm,32,16,64,0.2,0.32428568601608276,10
1275,stacked_lstm,32,16,128,0.3,0.32428568601608276,10
987,stacked_lstm,32,16,32,0.1,0.32428568601608276,10
1059,stacked_lstm,32,16,32,0.3,0.32428568601608276,10
1095,stacked_lstm,32,16,64,0.1,0.32428568601608276,10
1023,stacked_lstm,32,16,32,0.2,0.32428568601608276,10
1239,stacked_lstm,32,16,128,0.2,0.32428568601608276,10
1203,stacked_lstm,32,16,128,0.1,0.32428568601608276,10
879,stacked_lstm,32,16,16,0.1,0.32428568601608276,10
951,stacked_lstm,32,16,16,0.3,0.32428568601608276,10
1167,stacked_lstm,32,16,64,0.3,0.32428568601608276,10
945,lstm_dropout,32,16,16,0.3,0.3265446722507477,80
1269,lstm_dropout,32,16,128,0.3,0.3265446722507477,80
1161,lstm_dropout,32,16,64,0.3,0.3265446722507477,80
1053,lstm_dropout,32,16,32,0.3,0.3265446722507477,80
1221,lstm_dropout,32,16,128,0.1,0.3422163426876068,6
897,lstm_dropout,32,16,16,0.1,0.3422163426876068,6
1005,lstm_dropout,32,16,32,0.1,0.3422163426876068,6
1113,lstm_dropout,32,16,64,0.1,0.3422163426876068,6
1185,lstm_dropout,32,16,64,0.3,0.34358420968055725,6
1293,lstm_dropout,32,16,128,0.3,0.34358420968055725,6
969,lstm_dropout,32,16,16,0.3,0.34358420968055725,6
1077,lstm_dropout,32,16,32,0.3,0.34358420968055725,6
1065,lstm_dropout,32,16,32,0.3,0.3475314676761627,30
957,lstm_dropout,32,16,16,0.3,0.3475314676761627,30
1281,lstm_dropout,32,16,128,0.3,0.3475314676761627,30
1173,lstm_dropout,32,16,64,0.3,0.3475314676761627,30
1017,lstm_dropout,32,16,32,0.2,0.3482939302921295,66
1233,lstm_dropout,32,16,128,0.2,0.3482939302921295,66
1125,lstm_dropout,32,16,64,0.2,0.3482939302921295,66
909,lstm_dropout,32,16,16,0.2,0.3482939302921295,66
1101,lstm_dropout,32,16,64,0.1,0.3750791847705841,22
993,lstm_dropout,32,16,32,0.1,0.3750791847705841,22
885,lstm_dropout,32,16,16,0.1,0.3750791847705841,22
1209,lstm_dropout,32,16,128,0.1,0.3750791847705841,22
