,model_name,window_size,units,batch_size,learning_rate,dense_units,dropout_rate,best_val_loss,best_epoch,final_train_loss,epochs,time
0,baseline_lstm,6,32,4,0.005,,,0.1049620732665062,13,0.03569963946938515,23,4.425117492675781
1,baseline_lstm,6,64,4,0.005,,,0.1058439090847969,11,0.035448137670755386,21,3.7353572845458984
2,baseline_lstm,6,128,4,0.005,,,0.10928365588188171,9,0.036376915872097015,19,3.9776995182037354
3,baseline_lstm,6,32,4,0.01,,,0.08793838322162628,20,0.028371820226311684,30,5.35973858833313
4,baseline_lstm,6,64,4,0.01,,,0.10406504571437836,7,0.03551916778087616,17,3.498298168182373
5,baseline_lstm,6,128,4,0.01,,,0.07608295232057571,24,0.02251354604959488,34,5.89252233505249
6,baseline_lstm,6,32,8,0.005,,,0.11187003552913666,21,0.03507740795612335,31,4.093293190002441
7,baseline_lstm,6,64,8,0.005,,,0.09499948471784592,28,0.029508017003536224,38,4.941700458526611
8,baseline_lstm,6,128,8,0.005,,,0.07357825338840485,38,0.019858187064528465,48,6.312217950820923
9,baseline_lstm,6,32,8,0.01,,,0.09322987496852875,23,0.026285037398338318,33,4.2714738845825195
10,baseline_lstm,6,64,8,0.01,,,0.08921818435192108,21,0.02322951704263687,31,4.133424282073975
11,baseline_lstm,6,128,8,0.01,,,0.10476987808942795,11,0.03227420151233673,21,3.268441677093506
12,baseline_lstm,6,32,16,0.005,,,0.11416174471378326,48,0.03268340602517128,58,6.15487813949585
13,baseline_lstm,6,64,16,0.005,,,0.08837366849184036,57,0.02406211942434311,67,7.082674741744995
14,baseline_lstm,6,128,16,0.005,,,0.08112991601228714,49,0.022979743778705597,59,6.576427698135376
15,baseline_lstm,6,32,16,0.01,,,0.07746148854494095,52,0.020977070555090904,62,6.457294464111328
16,baseline_lstm,6,64,16,0.01,,,0.06997212767601013,36,0.02654877118766308,46,5.040652513504028
17,baseline_lstm,6,128,16,0.01,,,0.08516238629817963,27,0.02576128952205181,37,4.358612537384033
18,baseline_lstm,6,32,32,0.005,,,0.11757484078407288,103,0.034592077136039734,113,10.462142944335938
19,baseline_lstm,6,64,32,0.005,,,0.10614114254713058,85,0.03131693974137306,95,8.837818384170532
20,baseline_lstm,6,128,32,0.005,,,0.10585753619670868,47,0.031663183122873306,57,5.937187433242798
21,baseline_lstm,6,32,32,0.01,,,0.1103287786245346,77,0.03217901289463043,87,8.06897521018982
22,baseline_lstm,6,64,32,0.01,,,0.08175266534090042,53,0.030454518273472786,63,5.945217609405518
23,baseline_lstm,6,128,32,0.01,,,0.09084781259298325,43,0.02838604897260666,53,5.420459508895874
24,stacked_lstm,6,32,4,0.005,,,0.09179884940385818,12,0.036610834300518036,22,4.323968172073364
25,stacked_lstm,6,64,4,0.005,,,0.08342873305082321,23,0.030412206426262856,33,6.330830812454224
26,stacked_lstm,6,128,4,0.005,,,0.11831538379192352,5,0.0428110808134079,15,4.252811908721924
27,stacked_lstm,6,32,4,0.01,,,0.10881400853395462,8,0.03984847664833069,18,3.763458728790283
28,stacked_lstm,6,64,4,0.01,,,0.13290825486183167,9,0.03854828327894211,19,4.091161489486694
29,stacked_lstm,6,128,4,0.01,,,0.04112841561436653,47,0.016038035973906517,57,12.4949471950531
30,stacked_lstm,6,32,8,0.005,,,0.07522203028202057,41,0.024840321391820908,51,7.31431245803833
31,stacked_lstm,6,64,8,0.005,,,0.05776207149028778,29,0.0253173615783453,39,6.207095146179199
32,stacked_lstm,6,128,8,0.005,,,0.06894907355308533,32,0.03452732786536217,42,7.552184581756592
33,stacked_lstm,6,32,8,0.01,,,0.070161834359169,24,0.026604890823364258,34,5.2126305103302
34,stacked_lstm,6,64,8,0.01,,,0.08270969986915588,21,0.02468957006931305,31,5.10168719291687
35,stacked_lstm,6,128,8,0.01,,,0.07737143337726593,18,0.025944145396351814,28,5.49085259437561
36,stacked_lstm,6,32,16,0.005,,,0.06056727468967438,61,0.022007979452610016,71,8.39892315864563
37,stacked_lstm,6,64,16,0.005,,,0.04764854535460472,44,0.022875582799315453,54,6.9319539070129395
38,stacked_lstm,6,128,16,0.005,,,0.05970091000199318,33,0.0259131770581007,43,6.466166257858276
39,stacked_lstm,6,32,16,0.01,,,0.09605038166046143,14,0.033045694231987,24,3.742302656173706
40,stacked_lstm,6,64,16,0.01,,,0.054220471531152725,33,0.022187111899256706,43,5.731247901916504
41,stacked_lstm,6,128,16,0.01,,,0.1120753288269043,5,0.033993277698755264,15,3.061462163925171
42,stacked_lstm,6,32,32,0.005,,,0.40665239095687866,5,0.11307701468467712,15,2.5873007774353027
43,stacked_lstm,6,64,32,0.005,,,0.04328484088182449,75,0.026255249977111816,85,9.40406060218811
44,stacked_lstm,6,128,32,0.005,,,0.08169351518154144,46,0.03209633007645607,56,7.011066913604736
45,stacked_lstm,6,32,32,0.01,,,0.11174649745225906,37,0.032349925488233566,47,5.360162258148193
46,stacked_lstm,6,64,32,0.01,,,0.10244659334421158,24,0.032659247517585754,34,4.335252523422241
47,stacked_lstm,6,128,32,0.01,,,0.10397818684577942,14,0.032733794301748276,24,3.594849109649658
48,lstm_dense,6,32,4,0.005,64.0,,0.11741477996110916,7,0.0398428849875927,17,3.7659425735473633
49,lstm_dense,6,64,4,0.005,64.0,,0.1204698234796524,5,0.041179217398166656,15,3.767271041870117
50,lstm_dense,6,128,4,0.005,64.0,,0.09257888793945312,46,0.024709878489375114,56,12.952815532684326
51,lstm_dense,6,32,4,0.01,64.0,,0.09417518228292465,35,0.034848641604185104,45,7.977243423461914
52,lstm_dense,6,64,4,0.01,64.0,,0.08107108622789383,46,0.022198129445314407,56,10.394008159637451
53,lstm_dense,6,128,4,0.01,64.0,,0.12572111189365387,13,0.03846951946616173,23,5.99546217918396
54,lstm_dense,6,32,4,0.005,128.0,,0.12282832711935043,7,0.040168389678001404,17,3.8508524894714355
55,lstm_dense,6,64,4,0.005,128.0,,0.12486837804317474,5,0.041688527911901474,15,3.860093832015991
56,lstm_dense,6,128,4,0.005,128.0,,0.14905381202697754,10,0.0390297994017601,20,5.35986590385437
57,lstm_dense,6,32,4,0.01,128.0,,0.08546827733516693,40,0.023056257516145706,50,8.507750511169434
58,lstm_dense,6,64,4,0.01,128.0,,0.06747624278068542,36,0.022782353684306145,46,8.57991623878479
59,lstm_dense,6,128,4,0.01,128.0,,0.06480992585420609,23,0.017305580899119377,33,8.088781356811523
60,lstm_dense,6,32,8,0.005,64.0,,0.06635056436061859,65,0.025615200400352478,75,10.580412149429321
61,lstm_dense,6,64,8,0.005,64.0,,0.07810458540916443,47,0.02705787681043148,57,8.776196241378784
62,lstm_dense,6,128,8,0.005,64.0,,0.10994166880846024,5,0.03730860352516174,15,3.676581382751465
63,lstm_dense,6,32,8,0.01,64.0,,0.08608792722225189,53,0.019894041121006012,63,9.012534618377686
64,lstm_dense,6,64,8,0.01,64.0,,0.10617978870868683,6,0.03799399361014366,16,3.4331774711608887
65,lstm_dense,6,128,8,0.01,64.0,,0.1040671169757843,6,0.03471526876091957,16,3.792785882949829
66,lstm_dense,6,32,8,0.005,128.0,,0.11260250955820084,9,0.036889683455228806,19,3.707292318344116
67,lstm_dense,6,64,8,0.005,128.0,,0.11314218491315842,8,0.03716513141989708,18,3.75819730758667
68,lstm_dense,6,128,8,0.005,128.0,,0.11084704101085663,6,0.03755592927336693,16,3.920715093612671
69,lstm_dense,6,32,8,0.01,128.0,,0.10403943061828613,7,0.03867516294121742,17,3.475893974304199
70,lstm_dense,6,64,8,0.01,128.0,,0.103619284927845,6,0.038813408464193344,16,3.4732205867767334
71,lstm_dense,6,128,8,0.01,128.0,,0.11773331463336945,4,0.03829215466976166,14,3.5134313106536865
72,lstm_dense,6,32,16,0.005,64.0,,0.05799052491784096,68,0.023694602772593498,78,9.454190492630005
73,lstm_dense,6,64,16,0.005,64.0,,0.06858514994382858,47,0.025077946484088898,57,7.6182355880737305
74,lstm_dense,6,128,16,0.005,64.0,,0.09520789235830307,30,0.028255464509129524,40,6.312177896499634
75,lstm_dense,6,32,16,0.01,64.0,,0.07138007134199142,52,0.025290781632065773,62,7.695406675338745
76,lstm_dense,6,64,16,0.01,64.0,,0.06876958161592484,41,0.01891872100532055,51,6.830119371414185
77,lstm_dense,6,128,16,0.01,64.0,,0.1125241219997406,18,0.02967894822359085,28,4.810293674468994
78,lstm_dense,6,32,16,0.005,128.0,,0.06637381762266159,70,0.024816280230879784,80,9.865240812301636
79,lstm_dense,6,64,16,0.005,128.0,,0.06861689686775208,49,0.024337027221918106,59,7.90458607673645
80,lstm_dense,6,128,16,0.005,128.0,,0.07504861056804657,63,0.02491551823914051,73,10.812231540679932
81,lstm_dense,6,32,16,0.01,128.0,,0.056320447474718094,43,0.021846918389201164,53,6.880999565124512
82,lstm_dense,6,64,16,0.01,128.0,,0.08102480322122574,29,0.02518804743885994,39,5.5582733154296875
83,lstm_dense,6,128,16,0.01,128.0,,0.10329440981149673,14,0.034360580146312714,24,4.2957658767700195
84,lstm_dense,6,32,32,0.005,64.0,,0.10123766958713531,200,0.032848041504621506,200,20.346590518951416
85,lstm_dense,6,64,32,0.005,64.0,,0.10781805217266083,23,0.03529590740799904,33,4.495096445083618
86,lstm_dense,6,128,32,0.005,64.0,,0.07643730193376541,64,0.02685348503291607,74,8.992734909057617
87,lstm_dense,6,32,32,0.01,64.0,,0.07026760280132294,58,0.028606226667761803,68,7.498866319656372
88,lstm_dense,6,64,32,0.01,64.0,,0.08139056712388992,40,0.029471280053257942,50,6.118821859359741
89,lstm_dense,6,128,32,0.01,64.0,,0.1070200651884079,14,0.03672276437282562,24,3.8541996479034424
90,lstm_dense,6,32,32,0.005,128.0,,0.07920552045106888,68,0.02814646251499653,78,8.589490413665771
91,lstm_dense,6,64,32,0.005,128.0,,0.07534350454807281,82,0.0267449039965868,92,9.70561695098877
92,lstm_dense,6,128,32,0.005,128.0,,0.08632281422615051,58,0.03532395139336586,68,8.388726949691772
93,lstm_dense,6,32,32,0.01,128.0,,0.13963820040225983,26,0.03642520308494568,36,4.51804518699646
94,lstm_dense,6,64,32,0.01,128.0,,0.06598153710365295,49,0.028659673407673836,59,6.866658687591553
95,lstm_dense,6,128,32,0.01,128.0,,0.11143636703491211,43,0.031847771257162094,53,6.817657709121704
96,lstm_dropout,6,32,4,0.005,64.0,0.05,0.12047068029642105,7,0.03983168676495552,17,3.919248342514038
97,lstm_dropout,6,64,4,0.005,64.0,0.05,0.11732596904039383,6,0.04277950897812843,16,4.035454750061035
98,lstm_dropout,6,128,4,0.005,64.0,0.05,0.14553625881671906,32,0.03406282141804695,42,9.582493782043457
99,lstm_dropout,6,32,4,0.01,64.0,0.05,0.12270056456327438,7,0.04032392427325249,17,3.8760647773742676
100,lstm_dropout,6,64,4,0.01,64.0,0.05,0.061349254101514816,45,0.024531131610274315,55,10.124945640563965
101,lstm_dropout,6,128,4,0.01,64.0,0.05,0.09369827806949615,19,0.02916666679084301,29,7.087526559829712
102,lstm_dropout,6,32,4,0.005,64.0,0.1,0.1159144788980484,6,0.04081243649125099,16,3.7645435333251953
103,lstm_dropout,6,64,4,0.005,64.0,0.1,0.11609461903572083,6,0.041741784662008286,16,3.94789457321167
104,lstm_dropout,6,128,4,0.005,64.0,0.1,0.1493256539106369,20,0.03738659247756004,30,7.339261770248413
105,lstm_dropout,6,32,4,0.01,64.0,0.1,0.11529327929019928,6,0.04378293827176094,16,3.7817559242248535
106,lstm_dropout,6,64,4,0.01,64.0,0.1,0.12873375415802002,11,0.04215916618704796,21,4.748033285140991
107,lstm_dropout,6,128,4,0.01,64.0,0.1,0.13372336328029633,12,0.03790974244475365,22,5.879380464553833
108,lstm_dropout,6,32,4,0.005,64.0,0.2,0.10795747488737106,7,0.041925832629203796,17,3.922945261001587
109,lstm_dropout,6,64,4,0.005,64.0,0.2,0.1325070708990097,6,0.042736660689115524,16,4.011585712432861
110,lstm_dropout,6,128,4,0.005,64.0,0.2,0.1532149463891983,7,0.040840137749910355,17,4.940680027008057
111,lstm_dropout,6,32,4,0.01,64.0,0.2,0.12400232255458832,7,0.0439092293381691,17,3.9098851680755615
112,lstm_dropout,6,64,4,0.01,64.0,0.2,0.13718701899051666,26,0.04429289326071739,36,8.173309564590454
113,lstm_dropout,6,128,4,0.01,64.0,0.2,0.11844716966152191,15,0.04573305696249008,25,7.014393091201782
114,lstm_dropout,6,32,4,0.005,128.0,0.05,0.1168694868683815,7,0.041206244379282,17,4.297579526901245
115,lstm_dropout,6,64,4,0.005,128.0,0.05,0.12478844076395035,6,0.04518943279981613,16,4.424599647521973
116,lstm_dropout,6,128,4,0.005,128.0,0.05,0.09045863896608353,71,0.02776189148426056,81,19.303242921829224
117,lstm_dropout,6,32,4,0.01,128.0,0.05,0.08209048211574554,49,0.0262786652892828,59,10.698189735412598
118,lstm_dropout,6,64,4,0.01,128.0,0.05,0.07717765122652054,77,0.025896122679114342,87,16.7871572971344
119,lstm_dropout,6,128,4,0.01,128.0,0.05,0.06219800189137459,58,0.017264392226934433,68,15.862663745880127
120,lstm_dropout,6,32,4,0.005,128.0,0.1,0.1254635602235794,7,0.04104072228074074,17,4.294956922531128
121,lstm_dropout,6,64,4,0.005,128.0,0.1,0.1268363893032074,6,0.04625143110752106,16,4.413134336471558
122,lstm_dropout,6,128,4,0.005,128.0,0.1,0.14406085014343262,23,0.037184134125709534,33,8.596774578094482
123,lstm_dropout,6,32,4,0.01,128.0,0.1,0.12779054045677185,24,0.03600611165165901,34,6.673523187637329
124,lstm_dropout,6,64,4,0.01,128.0,0.1,0.13147327303886414,6,0.047394320368766785,16,4.2957751750946045
125,lstm_dropout,6,128,4,0.01,128.0,0.1,0.05960025265812874,29,0.02172762155532837,39,9.749989748001099
126,lstm_dropout,6,32,4,0.005,128.0,0.2,0.11227143555879593,7,0.03867204487323761,17,4.299221992492676
127,lstm_dropout,6,64,4,0.005,128.0,0.2,0.11236190795898438,7,0.04036889225244522,17,4.5451765060424805
128,lstm_dropout,6,128,4,0.005,128.0,0.2,0.13860376179218292,37,0.03791993483901024,47,11.496472835540771
129,lstm_dropout,6,32,4,0.01,128.0,0.2,0.1256781965494156,25,0.04415621608495712,35,7.090979814529419
130,lstm_dropout,6,64,4,0.01,128.0,0.2,0.14167043566703796,19,0.042335886508226395,29,6.58781623840332
131,lstm_dropout,6,128,4,0.01,128.0,0.2,0.059121616184711456,39,0.023238182067871094,49,11.990916967391968
132,lstm_dropout,6,32,8,0.005,64.0,0.05,0.11075879633426666,10,0.037485722452402115,20,4.232249021530151
133,lstm_dropout,6,64,8,0.005,64.0,0.05,0.05569923669099808,60,0.02335629053413868,70,11.240764379501343
134,lstm_dropout,6,128,8,0.005,64.0,0.05,0.12257134169340134,5,0.039940547198057175,15,3.995882749557495
135,lstm_dropout,6,32,8,0.01,64.0,0.05,0.10459104180335999,7,0.038481805473566055,17,3.755885362625122
136,lstm_dropout,6,64,8,0.01,64.0,0.05,0.12825533747673035,5,0.04091496020555496,15,3.7257330417633057
137,lstm_dropout,6,128,8,0.01,64.0,0.05,0.10760065913200378,4,0.03851056471467018,14,3.804135322570801
138,lstm_dropout,6,32,8,0.005,64.0,0.1,0.1095304936170578,10,0.038394298404455185,20,4.215406656265259
139,lstm_dropout,6,64,8,0.005,64.0,0.1,0.11028892546892166,8,0.04052833095192909,18,4.152268648147583
140,lstm_dropout,6,128,8,0.005,64.0,0.1,0.12003541737794876,6,0.038027018308639526,16,4.257379055023193
141,lstm_dropout,6,32,8,0.01,64.0,0.1,0.1035972312092781,7,0.03924040496349335,17,3.8660264015197754
142,lstm_dropout,6,64,8,0.01,64.0,0.1,0.12671680748462677,6,0.03995173051953316,16,3.880131721496582
143,lstm_dropout,6,128,8,0.01,64.0,0.1,0.10664093494415283,4,0.04167536646127701,14,3.8843209743499756
144,lstm_dropout,6,32,8,0.005,64.0,0.2,0.11147426068782806,10,0.03857766464352608,20,4.1905975341796875
145,lstm_dropout,6,64,8,0.005,64.0,0.2,0.11394217610359192,8,0.04493280500173569,18,4.19214129447937
146,lstm_dropout,6,128,8,0.005,64.0,0.2,0.11719950288534164,6,0.03845885768532753,16,4.319458246231079
147,lstm_dropout,6,32,8,0.01,64.0,0.2,0.09831018000841141,7,0.041243597865104675,17,3.872457981109619
148,lstm_dropout,6,64,8,0.01,64.0,0.2,0.1127539798617363,6,0.03903460130095482,16,3.873728036880493
149,lstm_dropout,6,128,8,0.01,64.0,0.2,0.12382859736680984,5,0.04791540279984474,15,4.069401025772095
150,lstm_dropout,6,32,8,0.005,128.0,0.05,0.112774558365345,10,0.037075430154800415,20,4.128415107727051
151,lstm_dropout,6,64,8,0.005,128.0,0.05,0.1196829155087471,8,0.03824896737933159,18,4.220237731933594
152,lstm_dropout,6,128,8,0.005,128.0,0.05,0.11345504224300385,6,0.037314556539058685,16,4.18159294128418
153,lstm_dropout,6,32,8,0.01,128.0,0.05,0.1140214279294014,6,0.03882135450839996,16,3.632171869277954
154,lstm_dropout,6,64,8,0.01,128.0,0.05,0.11775325238704681,7,0.03828977420926094,17,4.017932891845703
155,lstm_dropout,6,128,8,0.01,128.0,0.05,0.09800886362791061,7,0.03597132861614227,17,4.361517429351807
156,lstm_dropout,6,32,8,0.005,128.0,0.1,0.11283734440803528,10,0.03746264800429344,20,4.127756357192993
157,lstm_dropout,6,64,8,0.005,128.0,0.1,0.1184258759021759,22,0.037445422261953354,32,6.02998685836792
158,lstm_dropout,6,128,8,0.005,128.0,0.1,0.11285663396120071,7,0.03898747265338898,17,4.397093296051025
159,lstm_dropout,6,32,8,0.01,128.0,0.1,0.11032642424106598,6,0.03914512321352959,16,3.7636706829071045
160,lstm_dropout,6,64,8,0.01,128.0,0.1,0.055717624723911285,56,0.020996814593672752,66,10.478162288665771
161,lstm_dropout,6,128,8,0.01,128.0,0.1,0.09971383959054947,7,0.03892765939235687,17,4.428118467330933
162,lstm_dropout,6,32,8,0.005,128.0,0.2,0.10687299072742462,10,0.0371430478990078,20,4.165354013442993
163,lstm_dropout,6,64,8,0.005,128.0,0.2,0.11545579880475998,24,0.036385636776685715,34,6.1452484130859375
164,lstm_dropout,6,128,8,0.005,128.0,0.2,0.10858388990163803,7,0.04142240434885025,17,4.4945714473724365
165,lstm_dropout,6,32,8,0.01,128.0,0.2,0.12113098055124283,7,0.04112967476248741,17,3.748491048812866
166,lstm_dropout,6,64,8,0.01,128.0,0.2,0.10054882615804672,7,0.043152179569005966,17,3.9004359245300293
167,lstm_dropout,6,128,8,0.01,128.0,0.2,0.12044176459312439,15,0.0343945138156414,25,5.644189357757568
168,lstm_dropout,6,32,16,0.005,64.0,0.05,0.05683605372905731,95,0.025797372683882713,105,12.740783452987671
169,lstm_dropout,6,64,16,0.005,64.0,0.05,0.0643891766667366,53,0.026498733088374138,63,8.7752525806427
170,lstm_dropout,6,128,16,0.005,64.0,0.05,0.1281949132680893,10,0.03704793378710747,20,4.2117602825164795
171,lstm_dropout,6,32,16,0.01,64.0,0.05,0.06401234120130539,43,0.024151377379894257,53,7.492251396179199
172,lstm_dropout,6,64,16,0.01,64.0,0.05,0.07497388869524002,66,0.024513697251677513,76,9.973525047302246
173,lstm_dropout,6,128,16,0.01,64.0,0.05,0.07818035036325455,25,0.024195395410060883,35,6.155533075332642
174,lstm_dropout,6,32,16,0.005,64.0,0.1,0.08541811257600784,66,0.030940216034650803,76,9.374349355697632
175,lstm_dropout,6,64,16,0.005,64.0,0.1,0.06198984012007713,70,0.02935779094696045,80,10.484716415405273
176,lstm_dropout,6,128,16,0.005,64.0,0.1,0.12786798179149628,10,0.03895286098122597,20,4.236845970153809
177,lstm_dropout,6,32,16,0.01,64.0,0.1,0.10091008245944977,48,0.0357782207429409,58,7.499932289123535
178,lstm_dropout,6,64,16,0.01,64.0,0.1,0.11072395741939545,8,0.03615584969520569,18,3.609677314758301
179,lstm_dropout,6,128,16,0.01,64.0,0.1,0.10689028352499008,10,0.037111055105924606,20,4.196137189865112
180,lstm_dropout,6,32,16,0.005,64.0,0.2,0.11040227860212326,33,0.03646035119891167,43,6.166303634643555
181,lstm_dropout,6,64,16,0.005,64.0,0.2,0.11285614967346191,19,0.0402914434671402,29,4.939858675003052
182,lstm_dropout,6,128,16,0.005,64.0,0.2,0.12251973152160645,12,0.04067648574709892,22,4.449567079544067
183,lstm_dropout,6,32,16,0.01,64.0,0.2,0.11620068550109863,9,0.04399391636252403,19,3.6776933670043945
184,lstm_dropout,6,64,16,0.01,64.0,0.2,0.09478537738323212,41,0.031248128041625023,51,7.153642177581787
185,lstm_dropout,6,128,16,0.01,64.0,0.2,0.10709872841835022,14,0.04210124909877777,24,4.560164213180542
186,lstm_dropout,6,32,16,0.005,128.0,0.05,0.0626010000705719,69,0.02671210840344429,79,9.876029014587402
187,lstm_dropout,6,64,16,0.005,128.0,0.05,0.05454032123088837,58,0.024873334914445877,68,9.201354503631592
188,lstm_dropout,6,128,16,0.005,128.0,0.05,0.06388523429632187,47,0.025009291246533394,57,8.892009019851685
189,lstm_dropout,6,32,16,0.01,128.0,0.05,0.06477148085832596,44,0.024401016533374786,54,7.28563117980957
190,lstm_dropout,6,64,16,0.01,128.0,0.05,0.06496572494506836,36,0.027555301785469055,46,6.825247526168823
191,lstm_dropout,6,128,16,0.01,128.0,0.05,0.10520739108324051,15,0.02950201742351055,25,4.815903663635254
192,lstm_dropout,6,32,16,0.005,128.0,0.1,0.0663008987903595,69,0.02766316942870617,79,9.981702327728271
193,lstm_dropout,6,64,16,0.005,128.0,0.1,0.0714666023850441,53,0.02858768217265606,63,8.680691719055176
194,lstm_dropout,6,128,16,0.005,128.0,0.1,0.05389880761504173,80,0.02342124655842781,90,12.880537986755371
195,lstm_dropout,6,32,16,0.01,128.0,0.1,0.05853015184402466,61,0.02712908759713173,71,9.046595573425293
196,lstm_dropout,6,64,16,0.01,128.0,0.1,0.06274306774139404,54,0.02765071578323841,64,8.87186312675476
197,lstm_dropout,6,128,16,0.01,128.0,0.1,0.09922381490468979,10,0.035173315554857254,20,4.128629207611084
198,lstm_dropout,6,32,16,0.005,128.0,0.2,0.06593190133571625,83,0.028196172788739204,93,11.428474187850952
199,lstm_dropout,6,64,16,0.005,128.0,0.2,0.10055745393037796,48,0.03693408519029617,58,7.819227457046509
200,lstm_dropout,6,128,16,0.005,128.0,0.2,0.09199050068855286,66,0.034704383462667465,76,11.120896816253662
201,lstm_dropout,6,32,16,0.01,128.0,0.2,0.09073202311992645,45,0.0340743362903595,55,7.098052024841309
202,lstm_dropout,6,64,16,0.01,128.0,0.2,0.11126209795475006,8,0.039171040058135986,18,3.5394487380981445
203,lstm_dropout,6,128,16,0.01,128.0,0.2,0.09924961626529694,10,0.038343921303749084,20,4.187636852264404
204,lstm_dropout,6,32,32,0.005,64.0,0.05,0.0974576324224472,86,0.035359691828489304,96,10.582363367080688
205,lstm_dropout,6,64,32,0.005,64.0,0.05,0.09426701068878174,91,0.029561199247837067,101,11.237810611724854
206,lstm_dropout,6,128,32,0.005,64.0,0.05,0.10409307479858398,53,0.03432190790772438,63,8.35788869857788
207,lstm_dropout,6,32,32,0.01,64.0,0.05,0.09224788844585419,57,0.03173192963004112,67,7.761867046356201
208,lstm_dropout,6,64,32,0.01,64.0,0.05,0.10928983241319656,47,0.03531888499855995,57,7.108202934265137
209,lstm_dropout,6,128,32,0.01,64.0,0.05,0.0918300673365593,35,0.029807131737470627,45,6.3634374141693115
210,lstm_dropout,6,32,32,0.005,64.0,0.1,0.11119242757558823,45,0.036777280271053314,55,6.849946022033691
211,lstm_dropout,6,64,32,0.005,64.0,0.1,0.09191172569990158,75,0.033735260367393494,85,9.860090017318726
212,lstm_dropout,6,128,32,0.005,64.0,0.1,0.10607445240020752,39,0.035401929169893265,49,6.820225238800049
213,lstm_dropout,6,32,32,0.01,64.0,0.1,0.10848294943571091,26,0.03737965598702431,36,5.082221984863281
214,lstm_dropout,6,64,32,0.01,64.0,0.1,0.1083449199795723,43,0.03794018551707268,53,6.768168210983276
215,lstm_dropout,6,128,32,0.01,64.0,0.1,0.11261368542909622,16,0.03714151680469513,26,4.518446922302246
216,lstm_dropout,6,32,32,0.005,64.0,0.2,0.1225619688630104,57,0.039803482592105865,67,8.090020418167114
217,lstm_dropout,6,64,32,0.005,64.0,0.2,0.10882815718650818,60,0.036901526153087616,70,8.51720142364502
218,lstm_dropout,6,128,32,0.005,64.0,0.2,0.10422636568546295,36,0.03731219097971916,46,6.502620697021484
219,lstm_dropout,6,32,32,0.01,64.0,0.2,0.0972754955291748,72,0.036954909563064575,82,9.226691246032715
220,lstm_dropout,6,64,32,0.01,64.0,0.2,0.10490459948778152,36,0.03633926063776016,46,6.133486032485962
221,lstm_dropout,6,128,32,0.01,64.0,0.2,0.09774776548147202,29,0.039620209485292435,39,5.6943957805633545
222,lstm_dropout,6,32,32,0.005,128.0,0.05,0.10791405290365219,84,0.03446708619594574,94,10.438040018081665
223,lstm_dropout,6,64,32,0.005,128.0,0.05,0.10640374571084976,45,0.034662581980228424,55,7.06826639175415
224,lstm_dropout,6,128,32,0.005,128.0,0.05,0.10166655480861664,55,0.03221965208649635,65,8.593058109283447
225,lstm_dropout,6,32,32,0.01,128.0,0.05,0.07638274133205414,66,0.028860460966825485,76,8.757153272628784
226,lstm_dropout,6,64,32,0.01,128.0,0.05,0.0907650738954544,51,0.031935449689626694,61,7.504820346832275
227,lstm_dropout,6,128,32,0.01,128.0,0.05,0.11100026965141296,39,0.03516454994678497,49,6.814316034317017
228,lstm_dropout,6,32,32,0.005,128.0,0.1,0.0984794944524765,84,0.03427061438560486,94,10.570599794387817
229,lstm_dropout,6,64,32,0.005,128.0,0.1,0.08673293888568878,82,0.029518237337470055,92,10.445095539093018
230,lstm_dropout,6,128,32,0.005,128.0,0.1,0.1254379153251648,28,0.035628486424684525,38,5.521328449249268
231,lstm_dropout,6,32,32,0.01,128.0,0.1,0.10747204720973969,27,0.035514455288648605,37,4.997205018997192
232,lstm_dropout,6,64,32,0.01,128.0,0.1,0.09386657923460007,51,0.03383916988968849,61,7.510741233825684
233,lstm_dropout,6,128,32,0.01,128.0,0.1,0.10618685930967331,26,0.03328825160861015,36,5.353713274002075
234,lstm_dropout,6,32,32,0.005,128.0,0.2,0.12630373239517212,76,0.038478147238492966,86,9.959217071533203
235,lstm_dropout,6,64,32,0.005,128.0,0.2,0.08444510400295258,111,0.029691945761442184,121,13.331777095794678
236,lstm_dropout,6,128,32,0.005,128.0,0.2,0.10732994973659515,56,0.03603591024875641,66,8.636976957321167
237,lstm_dropout,6,32,32,0.01,128.0,0.2,0.10094670951366425,62,0.03585276007652283,72,8.301271915435791
238,lstm_dropout,6,64,32,0.01,128.0,0.2,0.1045876294374466,48,0.037862539291381836,58,7.1173577308654785
239,lstm_dropout,6,128,32,0.01,128.0,0.2,0.0921378806233406,26,0.03330337256193161,36,5.3350770473480225
240,baseline_lstm,12,32,4,0.005,,,0.06372702121734619,11,0.016710655763745308,21,3.612338066101074
241,baseline_lstm,12,64,4,0.005,,,0.06249737739562988,14,0.01795077882707119,24,4.0981245040893555
242,baseline_lstm,12,128,4,0.005,,,0.05673421546816826,38,0.010837815701961517,48,8.230773448944092
243,baseline_lstm,12,32,4,0.01,,,0.05342748388648033,16,0.014812401495873928,26,4.316745281219482
244,baseline_lstm,12,64,4,0.01,,,0.05573089048266411,8,0.0216232780367136,18,3.299678087234497
245,baseline_lstm,12,128,4,0.01,,,0.039563581347465515,31,0.00834599044173956,41,7.268971681594849
246,baseline_lstm,12,32,8,0.005,,,0.05635988339781761,24,0.014503035694360733,34,4.35145902633667
247,baseline_lstm,12,64,8,0.005,,,0.05214843526482582,63,0.00948312971740961,73,8.656389713287354
248,baseline_lstm,12,128,8,0.005,,,0.07503972947597504,9,0.017612401396036148,19,3.0611073970794678
249,baseline_lstm,12,32,8,0.01,,,0.06601022183895111,12,0.014864034950733185,22,3.088837146759033
250,baseline_lstm,12,64,8,0.01,,,0.06682396680116653,9,0.016388123854994774,19,2.9421162605285645
251,baseline_lstm,12,128,8,0.01,,,0.05474945902824402,29,0.010034865699708462,39,5.157408714294434
252,baseline_lstm,12,32,16,0.005,,,0.06213408708572388,45,0.012090661562979221,55,5.825460195541382
253,baseline_lstm,12,64,16,0.005,,,0.0513436384499073,108,0.01124639343470335,118,12.084540605545044
254,baseline_lstm,12,128,16,0.005,,,0.04437924548983574,59,0.014057914726436138,69,7.680756568908691
255,baseline_lstm,12,32,16,0.01,,,0.05161931738257408,25,0.013568349182605743,35,3.874006748199463
256,baseline_lstm,12,64,16,0.01,,,0.05510575696825981,27,0.013723522424697876,37,4.18264365196228
257,baseline_lstm,12,128,16,0.01,,,0.05172339081764221,15,0.022301988676190376,25,3.2635672092437744
258,baseline_lstm,12,32,32,0.005,,,0.1935722380876541,30,0.031086720526218414,40,4.226240158081055
259,baseline_lstm,12,64,32,0.005,,,0.12928064167499542,20,0.023480571806430817,30,3.3846144676208496
260,baseline_lstm,12,128,32,0.005,,,0.11173409968614578,16,0.02099032513797283,26,3.1212234497070312
261,baseline_lstm,12,32,32,0.01,,,0.06484632939100266,44,0.013499404303729534,54,5.261681318283081
262,baseline_lstm,12,64,32,0.01,,,0.08429517596960068,43,0.016609633341431618,53,5.126692295074463
263,baseline_lstm,12,128,32,0.01,,,0.05287996307015419,36,0.016448823735117912,46,4.75449013710022
264,stacked_lstm,12,32,4,0.005,,,0.06476061791181564,9,0.015381519682705402,19,4.1153223514556885
265,stacked_lstm,12,64,4,0.005,,,0.05779275298118591,18,0.013930276036262512,28,5.8810200691223145
266,stacked_lstm,12,128,4,0.005,,,0.04584848880767822,11,0.012833279557526112,21,5.797347784042358
267,stacked_lstm,12,32,4,0.01,,,0.05298636853694916,15,0.012699156068265438,25,5.0509254932403564
268,stacked_lstm,12,64,4,0.01,,,0.0480288565158844,15,0.012793943285942078,25,5.461459159851074
269,stacked_lstm,12,128,4,0.01,,,0.034592945128679276,41,0.004527937155216932,51,12.139623403549194
270,stacked_lstm,12,32,8,0.005,,,0.05594101548194885,24,0.013657920062541962,34,5.157973527908325
271,stacked_lstm,12,64,8,0.005,,,0.059025079011917114,22,0.0118752745911479,32,5.061529636383057
272,stacked_lstm,12,128,8,0.005,,,0.048823799937963486,16,0.012504756450653076,26,5.1541595458984375
273,stacked_lstm,12,32,8,0.01,,,0.05263218656182289,22,0.011087150312960148,32,4.845683813095093
274,stacked_lstm,12,64,8,0.01,,,0.06918993592262268,8,0.016293715685606003,18,3.373257875442505
275,stacked_lstm,12,128,8,0.01,,,0.03280338644981384,38,0.010323545895516872,48,8.413949012756348
276,stacked_lstm,12,32,16,0.005,,,0.06335245817899704,71,0.010533582419157028,81,8.999043703079224
277,stacked_lstm,12,64,16,0.005,,,0.05662728473544121,57,0.010630331002175808,67,8.244104146957397
278,stacked_lstm,12,128,16,0.005,,,0.06605520844459534,15,0.014416751451790333,25,4.195926666259766
279,stacked_lstm,12,32,16,0.01,,,0.06522290408611298,28,0.012416978366672993,38,4.910595417022705
280,stacked_lstm,12,64,16,0.01,,,0.05977550521492958,10,0.015338175930082798,20,3.4236316680908203
281,stacked_lstm,12,128,16,0.01,,,0.06234094500541687,47,0.008017879910767078,57,7.899752855300903
282,stacked_lstm,12,32,32,0.005,,,0.22900421917438507,40,0.038242220878601074,50,5.885059833526611
283,stacked_lstm,12,64,32,0.005,,,0.12512415647506714,16,0.023782750591635704,26,3.7234816551208496
284,stacked_lstm,12,128,32,0.005,,,0.10718971490859985,10,0.021984638646245003,20,3.3162710666656494
285,stacked_lstm,12,32,32,0.01,,,0.07594606280326843,62,0.01283032726496458,72,7.33889627456665
286,stacked_lstm,12,64,32,0.01,,,0.054778266698122025,35,0.011417186819016933,45,5.259011507034302
287,stacked_lstm,12,128,32,0.01,,,0.13408665359020233,24,0.025151913985610008,34,4.671775579452515
288,lstm_dense,12,32,4,0.005,64.0,,0.06304037570953369,18,0.012989871203899384,28,5.727157354354858
289,lstm_dense,12,64,4,0.005,64.0,,0.04506517946720123,14,0.013810145668685436,24,5.443875789642334
290,lstm_dense,12,128,4,0.005,64.0,,0.045560259371995926,18,0.01598166488111019,28,7.599924087524414
291,lstm_dense,12,32,4,0.01,64.0,,0.060944218188524246,14,0.013988979160785675,24,5.0223143100738525
292,lstm_dense,12,64,4,0.01,64.0,,0.04425152763724327,17,0.014087934046983719,27,6.051440477371216
293,lstm_dense,12,128,4,0.01,64.0,,0.0353153757750988,38,0.007901430130004883,48,11.624772787094116
294,lstm_dense,12,32,4,0.005,128.0,,0.0516931414604187,19,0.01316495519131422,29,6.104175567626953
295,lstm_dense,12,64,4,0.005,128.0,,0.04679866507649422,16,0.014436833560466766,26,5.863065004348755
296,lstm_dense,12,128,4,0.005,128.0,,0.04100292548537254,21,0.013247739523649216,31,8.172477006912231
297,lstm_dense,12,32,4,0.01,128.0,,0.04653070494532585,13,0.01613653264939785,23,4.969304800033569
298,lstm_dense,12,64,4,0.01,128.0,,0.04690147563815117,56,0.010016773827373981,66,12.408255338668823
299,lstm_dense,12,128,4,0.01,128.0,,0.02249709703028202,40,0.0049919565208256245,50,12.346319913864136
300,lstm_dense,12,32,8,0.005,64.0,,0.05953899398446083,26,0.011831148527562618,36,5.647632360458374
301,lstm_dense,12,64,8,0.005,64.0,,0.0682428851723671,16,0.016710299998521805,26,4.656381130218506
302,lstm_dense,12,128,8,0.005,64.0,,0.04776275157928467,74,0.0095036830753088,84,14.130455493927002
303,lstm_dense,12,32,8,0.01,64.0,,0.061866968870162964,19,0.01616782695055008,29,4.812566041946411
304,lstm_dense,12,64,8,0.01,64.0,,0.04244695231318474,35,0.011322669684886932,45,6.7124481201171875
305,lstm_dense,12,128,8,0.01,64.0,,0.059499021619558334,11,0.015095013193786144,21,4.630000829696655
306,lstm_dense,12,32,8,0.005,128.0,,0.055279288440942764,55,0.013553209602832794,65,8.949576377868652
307,lstm_dense,12,64,8,0.005,128.0,,0.0749368667602539,8,0.021646179258823395,18,3.6871399879455566
308,lstm_dense,12,128,8,0.005,128.0,,0.04679237678647041,58,0.009943122044205666,68,11.984731197357178
309,lstm_dense,12,32,8,0.01,128.0,,0.04713895916938782,22,0.01660008542239666,32,5.109415292739868
310,lstm_dense,12,64,8,0.01,128.0,,0.059985000640153885,11,0.016681203618645668,21,4.062282085418701
311,lstm_dense,12,128,8,0.01,128.0,,0.05875909700989723,11,0.01783684827387333,21,4.70715856552124
312,lstm_dense,12,32,16,0.005,64.0,,0.06649309396743774,42,0.013062293641269207,52,6.468847036361694
313,lstm_dense,12,64,16,0.005,64.0,,0.0851183533668518,20,0.016882091760635376,30,4.503299713134766
314,lstm_dense,12,128,16,0.005,64.0,,0.07152348756790161,13,0.016135351732373238,23,4.248013019561768
315,lstm_dense,12,32,16,0.01,64.0,,0.060421254485845566,18,0.016177423298358917,28,4.194173812866211
316,lstm_dense,12,64,16,0.01,64.0,,0.06383439898490906,13,0.016741381958127022,23,3.8340349197387695
317,lstm_dense,12,128,16,0.01,64.0,,0.062365319579839706,19,0.014635465107858181,29,5.323001384735107
318,lstm_dense,12,32,16,0.005,128.0,,0.09573779255151749,23,0.018722789362072945,33,4.692367792129517
319,lstm_dense,12,64,16,0.005,128.0,,0.08414853364229202,20,0.018203286454081535,30,4.608731269836426
320,lstm_dense,12,128,16,0.005,128.0,,0.06872089952230453,12,0.016050154343247414,22,4.388800859451294
321,lstm_dense,12,32,16,0.01,128.0,,0.09065746515989304,16,0.018046384677290916,26,4.004340887069702
322,lstm_dense,12,64,16,0.01,128.0,,0.048596497625112534,48,0.010166860185563564,58,7.72139048576355
323,lstm_dense,12,128,16,0.01,128.0,,0.06508252024650574,18,0.013132558204233646,28,5.524089813232422
324,lstm_dense,12,32,32,0.005,64.0,,0.19526904821395874,21,0.02415364235639572,31,4.06782341003418
325,lstm_dense,12,64,32,0.005,64.0,,0.15243001282215118,20,0.023018604144454002,30,4.169440984725952
326,lstm_dense,12,128,32,0.005,64.0,,0.07994779944419861,31,0.017305810004472733,41,5.628671407699585
327,lstm_dense,12,32,32,0.01,64.0,,0.131865456700325,22,0.02552259899675846,32,4.165658235549927
328,lstm_dense,12,64,32,0.01,64.0,,0.06729501485824585,24,0.017132176086306572,34,4.686018228530884
329,lstm_dense,12,128,32,0.01,64.0,,0.04532019421458244,33,0.011456772685050964,43,5.928554058074951
330,lstm_dense,12,32,32,0.005,128.0,,0.12356826663017273,20,0.022529741749167442,30,4.129159212112427
331,lstm_dense,12,64,32,0.005,128.0,,0.09933537244796753,20,0.02232103794813156,30,4.223341941833496
332,lstm_dense,12,128,32,0.005,128.0,,0.08106355369091034,20,0.018102625384926796,30,4.53631591796875
333,lstm_dense,12,32,32,0.01,128.0,,0.14051513373851776,20,0.027047166600823402,30,4.01376748085022
334,lstm_dense,12,64,32,0.01,128.0,,0.08503985404968262,24,0.01725093461573124,34,4.5716164112091064
335,lstm_dense,12,128,32,0.01,128.0,,0.05011223256587982,23,0.013282432220876217,33,4.868879556655884
336,lstm_dropout,12,32,4,0.005,64.0,0.05,0.06229515001177788,17,0.015667226165533066,27,5.8151655197143555
337,lstm_dropout,12,64,4,0.005,64.0,0.05,0.05336352810263634,15,0.01906452514231205,25,5.646057605743408
338,lstm_dropout,12,128,4,0.005,64.0,0.05,0.0513625331223011,21,0.015105937607586384,31,8.015735626220703
339,lstm_dropout,12,32,4,0.01,64.0,0.05,0.056905508041381836,20,0.016506250947713852,30,6.137884616851807
340,lstm_dropout,12,64,4,0.01,64.0,0.05,0.0422949492931366,33,0.012859047390520573,43,8.638301610946655
341,lstm_dropout,12,128,4,0.01,64.0,0.05,0.02227792702615261,28,0.007259704172611237,38,9.352327823638916
342,lstm_dropout,12,32,4,0.005,64.0,0.1,0.05812767520546913,27,0.014737394638359547,37,7.028937339782715
343,lstm_dropout,12,64,4,0.005,64.0,0.1,0.05511556565761566,18,0.01888253353536129,28,6.250997543334961
344,lstm_dropout,12,128,4,0.005,64.0,0.1,0.04042740538716316,24,0.017854614183306694,34,8.459570407867432
345,lstm_dropout,12,32,4,0.01,64.0,0.1,0.048914890736341476,18,0.015145309269428253,28,5.710538625717163
346,lstm_dropout,12,64,4,0.01,64.0,0.1,0.04562978819012642,37,0.012381825596094131,47,9.276356220245361
347,lstm_dropout,12,128,4,0.01,64.0,0.1,0.04661918058991432,38,0.012597928754985332,48,11.147891521453857
348,lstm_dropout,12,32,4,0.005,64.0,0.2,0.05775256082415581,12,0.02168050967156887,22,4.932962894439697
349,lstm_dropout,12,64,4,0.005,64.0,0.2,0.04224859178066254,18,0.022709200158715248,28,6.241241455078125
350,lstm_dropout,12,128,4,0.005,64.0,0.2,0.04062105342745781,36,0.017270630225539207,46,11.007622480392456
351,lstm_dropout,12,32,4,0.01,64.0,0.2,0.05003626272082329,12,0.024065973237156868,22,4.954521179199219
352,lstm_dropout,12,64,4,0.01,64.0,0.2,0.04697005823254585,22,0.014314561150968075,32,6.97591757774353
353,lstm_dropout,12,128,4,0.01,64.0,0.2,0.03124632127583027,45,0.009234716184437275,55,12.846188306808472
354,lstm_dropout,12,32,4,0.005,128.0,0.05,0.07307552546262741,10,0.015802357345819473,20,4.59108567237854
355,lstm_dropout,12,64,4,0.005,128.0,0.05,0.049835626035928726,21,0.013852647505700588,31,6.84667706489563
356,lstm_dropout,12,128,4,0.005,128.0,0.05,0.04471359774470329,14,0.017810167744755745,24,6.581402778625488
357,lstm_dropout,12,32,4,0.01,128.0,0.05,0.05556769296526909,15,0.016235925257205963,25,5.385502576828003
358,lstm_dropout,12,64,4,0.01,128.0,0.05,0.045802708715200424,19,0.017900994047522545,29,6.401948928833008
359,lstm_dropout,12,128,4,0.01,128.0,0.05,0.04340396448969841,27,0.013227052055299282,37,9.253237962722778
360,lstm_dropout,12,32,4,0.005,128.0,0.1,0.05972552299499512,18,0.014419585466384888,28,5.899082660675049
361,lstm_dropout,12,64,4,0.005,128.0,0.1,0.05105842649936676,15,0.018907904624938965,25,5.990828275680542
362,lstm_dropout,12,128,4,0.005,128.0,0.1,0.04355202615261078,14,0.02296767383813858,24,6.5041725635528564
363,lstm_dropout,12,32,4,0.01,128.0,0.1,0.04988604784011841,18,0.018520699813961983,28,5.889945983886719
364,lstm_dropout,12,64,4,0.01,128.0,0.1,0.056241098791360855,16,0.02171238511800766,26,5.766305685043335
365,lstm_dropout,12,128,4,0.01,128.0,0.1,0.04419010877609253,38,0.015749404206871986,48,11.125662326812744
366,lstm_dropout,12,32,4,0.005,128.0,0.2,0.06903619319200516,17,0.015574880875647068,27,5.665335416793823
367,lstm_dropout,12,64,4,0.005,128.0,0.2,0.05222824588418007,16,0.022413164377212524,26,5.9467082023620605
368,lstm_dropout,12,128,4,0.005,128.0,0.2,0.04048897698521614,15,0.021602841094136238,25,6.675597190856934
369,lstm_dropout,12,32,4,0.01,128.0,0.2,0.05173178017139435,12,0.03036549687385559,22,4.8931684494018555
370,lstm_dropout,12,64,4,0.01,128.0,0.2,0.042354922741651535,15,0.02302524633705616,25,5.735459327697754
371,lstm_dropout,12,128,4,0.01,128.0,0.2,0.02216953970491886,61,0.006663930136710405,71,15.95576000213623
372,lstm_dropout,12,32,8,0.005,64.0,0.05,0.0590822733938694,24,0.014665967784821987,34,5.376142978668213
373,lstm_dropout,12,64,8,0.005,64.0,0.05,0.04601848125457764,46,0.012229465879499912,56,8.27957034111023
374,lstm_dropout,12,128,8,0.005,64.0,0.05,0.06250390410423279,18,0.015948990359902382,28,5.560442924499512
375,lstm_dropout,12,32,8,0.01,64.0,0.05,0.07694046944379807,20,0.01563544012606144,30,4.97399377822876
376,lstm_dropout,12,64,8,0.01,64.0,0.05,0.056585099548101425,11,0.018926257267594337,21,4.011237859725952
377,lstm_dropout,12,128,8,0.01,64.0,0.05,0.05023375526070595,32,0.01273407507687807,42,7.533505439758301
378,lstm_dropout,12,32,8,0.005,64.0,0.1,0.06819190829992294,16,0.01612662896513939,26,4.506049633026123
379,lstm_dropout,12,64,8,0.005,64.0,0.1,0.049620453268289566,65,0.011294492520391941,75,10.467871904373169
380,lstm_dropout,12,128,8,0.005,64.0,0.1,0.060858309268951416,13,0.019520781934261322,23,4.8162407875061035
381,lstm_dropout,12,32,8,0.01,64.0,0.1,0.0529213510453701,21,0.017173657193779945,31,4.924779653549194
382,lstm_dropout,12,64,8,0.01,64.0,0.1,0.05154918506741524,21,0.01780593954026699,31,5.187722682952881
383,lstm_dropout,12,128,8,0.01,64.0,0.1,0.06818555295467377,18,0.023661797866225243,28,5.524815082550049
384,lstm_dropout,12,32,8,0.005,64.0,0.2,0.060326460748910904,22,0.01727910526096821,32,5.101227045059204
385,lstm_dropout,12,64,8,0.005,64.0,0.2,0.07324869185686111,17,0.020268844440579414,27,4.9722418785095215
386,lstm_dropout,12,128,8,0.005,64.0,0.2,0.06658346205949783,14,0.022472582757472992,24,5.034758567810059
387,lstm_dropout,12,32,8,0.01,64.0,0.2,0.054180439561605453,33,0.01925104856491089,43,6.437389373779297
388,lstm_dropout,12,64,8,0.01,64.0,0.2,0.07040918618440628,10,0.02536889910697937,20,3.831151247024536
389,lstm_dropout,12,128,8,0.01,64.0,0.2,0.05261022225022316,19,0.023477381095290184,29,5.649781703948975
390,lstm_dropout,12,32,8,0.005,128.0,0.05,0.0540427565574646,49,0.01199115440249443,59,8.240357398986816
391,lstm_dropout,12,64,8,0.005,128.0,0.05,0.06824865192174911,13,0.018594227731227875,23,4.273412227630615
392,lstm_dropout,12,128,8,0.005,128.0,0.05,0.04562115669250488,49,0.010794472880661488,59,9.659101963043213
393,lstm_dropout,12,32,8,0.01,128.0,0.05,0.056103598326444626,26,0.01799403317272663,36,5.557642221450806
394,lstm_dropout,12,64,8,0.01,128.0,0.05,0.050933729857206345,28,0.011982709169387817,38,6.0994062423706055
395,lstm_dropout,12,128,8,0.01,128.0,0.05,0.047805819660425186,24,0.015707725659012794,34,6.443930625915527
396,lstm_dropout,12,32,8,0.005,128.0,0.1,0.04825903847813606,44,0.013523035682737827,54,7.501906871795654
397,lstm_dropout,12,64,8,0.005,128.0,0.1,0.06049727275967598,45,0.012456326745450497,55,8.005449771881104
398,lstm_dropout,12,128,8,0.005,128.0,0.1,0.052980247884988785,48,0.012740768492221832,58,9.784597873687744
399,lstm_dropout,12,32,8,0.01,128.0,0.1,0.07077889144420624,22,0.014967509545385838,32,5.028867959976196
400,lstm_dropout,12,64,8,0.01,128.0,0.1,0.054120227694511414,20,0.016508938744664192,30,5.2011940479278564
401,lstm_dropout,12,128,8,0.01,128.0,0.1,0.038667842745780945,45,0.012607633136212826,55,9.192767858505249
402,lstm_dropout,12,32,8,0.005,128.0,0.2,0.05220218002796173,45,0.015299122780561447,55,7.709747552871704
403,lstm_dropout,12,64,8,0.005,128.0,0.2,0.06321963667869568,19,0.019434040412306786,29,5.042942047119141
404,lstm_dropout,12,128,8,0.005,128.0,0.2,0.05635668337345123,29,0.014368508011102676,39,7.1865479946136475
405,lstm_dropout,12,32,8,0.01,128.0,0.2,0.05090976879000664,26,0.016847537830471992,36,5.632002115249634
406,lstm_dropout,12,64,8,0.01,128.0,0.2,0.05406365916132927,16,0.019678940996527672,26,4.680592060089111
407,lstm_dropout,12,128,8,0.01,128.0,0.2,0.060599010437726974,29,0.016453847289085388,39,7.1634581089019775
408,lstm_dropout,12,32,16,0.005,64.0,0.05,0.08472994714975357,33,0.015100091695785522,43,5.784299612045288
409,lstm_dropout,12,64,16,0.005,64.0,0.05,0.09942997246980667,15,0.019959216937422752,25,4.057010889053345
410,lstm_dropout,12,128,16,0.005,64.0,0.05,0.08094602823257446,18,0.017322270199656487,28,4.699693202972412
411,lstm_dropout,12,32,16,0.01,64.0,0.05,0.09945523738861084,22,0.020303575322031975,32,4.578145503997803
412,lstm_dropout,12,64,16,0.01,64.0,0.05,0.05574510619044304,62,0.012145471759140491,72,8.649631977081299
413,lstm_dropout,12,128,16,0.01,64.0,0.05,0.0453370064496994,17,0.013268484733998775,27,4.594781398773193
414,lstm_dropout,12,32,16,0.005,64.0,0.1,0.08737612515687943,27,0.021149246022105217,37,5.0496532917022705
415,lstm_dropout,12,64,16,0.005,64.0,0.1,0.07742083817720413,33,0.01588485576212406,43,5.792352914810181
416,lstm_dropout,12,128,16,0.005,64.0,0.1,0.05594794079661369,21,0.027298444882035255,31,4.9952967166900635
417,lstm_dropout,12,32,16,0.01,64.0,0.1,0.07737230509519577,46,0.01577758975327015,56,6.927556037902832
418,lstm_dropout,12,64,16,0.01,64.0,0.1,0.05891343951225281,16,0.019459178671240807,26,4.120779275894165
419,lstm_dropout,12,128,16,0.01,64.0,0.1,0.04661833122372627,20,0.015289660543203354,30,4.966068983078003
420,lstm_dropout,12,32,16,0.005,64.0,0.2,0.09977998584508896,21,0.024559689685702324,31,4.482054948806763
421,lstm_dropout,12,64,16,0.005,64.0,0.2,0.08857806771993637,30,0.018840307369828224,40,5.368072509765625
422,lstm_dropout,12,128,16,0.005,64.0,0.2,0.05794321373105049,16,0.028137346729636192,26,4.60610556602478
423,lstm_dropout,12,32,16,0.01,64.0,0.2,0.09813108295202255,16,0.02581959404051304,26,4.000599384307861
424,lstm_dropout,12,64,16,0.01,64.0,0.2,0.052694883197546005,47,0.013505011796951294,57,7.156765460968018
425,lstm_dropout,12,128,16,0.01,64.0,0.2,0.04701538011431694,28,0.015761442482471466,38,6.008854866027832
426,lstm_dropout,12,32,16,0.005,128.0,0.05,0.10879576206207275,18,0.02124827355146408,28,4.28154993057251
427,lstm_dropout,12,64,16,0.005,128.0,0.05,0.1067143902182579,14,0.02162977308034897,24,4.083727836608887
428,lstm_dropout,12,128,16,0.005,128.0,0.05,0.06601744890213013,18,0.016109148040413857,28,4.862629175186157
429,lstm_dropout,12,32,16,0.01,128.0,0.05,0.07312691956758499,17,0.018277673050761223,27,4.116294860839844
430,lstm_dropout,12,64,16,0.01,128.0,0.05,0.052947938442230225,31,0.014147023670375347,41,5.682485580444336
431,lstm_dropout,12,128,16,0.01,128.0,0.05,0.0488751046359539,27,0.013038992881774902,37,5.913430213928223
432,lstm_dropout,12,32,16,0.005,128.0,0.1,0.11980456113815308,13,0.022405026480555534,23,3.7610995769500732
433,lstm_dropout,12,64,16,0.005,128.0,0.1,0.055877964943647385,50,0.012878023087978363,60,7.535344362258911
434,lstm_dropout,12,128,16,0.005,128.0,0.1,0.045293763279914856,93,0.009906304068863392,103,13.306864023208618
435,lstm_dropout,12,32,16,0.01,128.0,0.1,0.06509938836097717,23,0.01573546789586544,33,4.710591554641724
436,lstm_dropout,12,64,16,0.01,128.0,0.1,0.08530198782682419,12,0.019820040091872215,22,3.8131229877471924
437,lstm_dropout,12,128,16,0.01,128.0,0.1,0.0550316758453846,20,0.017040900886058807,30,5.078530788421631
438,lstm_dropout,12,32,16,0.005,128.0,0.2,0.11176357418298721,19,0.022927025333046913,29,4.331117630004883
439,lstm_dropout,12,64,16,0.005,128.0,0.2,0.08482208102941513,16,0.019730105996131897,26,4.180086135864258
440,lstm_dropout,12,128,16,0.005,128.0,0.2,0.05542686954140663,41,0.012695674784481525,51,7.020930528640747
441,lstm_dropout,12,32,16,0.01,128.0,0.2,0.10264038294553757,17,0.026372991502285004,27,4.017046928405762
442,lstm_dropout,12,64,16,0.01,128.0,0.2,0.07193945348262787,14,0.02227039635181427,24,3.9177801609039307
443,lstm_dropout,12,128,16,0.01,128.0,0.2,0.047588031738996506,70,0.01199339795857668,80,10.404460906982422
444,lstm_dropout,12,32,32,0.005,64.0,0.05,0.14556843042373657,22,0.032374851405620575,32,4.2743823528289795
445,lstm_dropout,12,64,32,0.005,64.0,0.05,0.14049969613552094,16,0.03254818543791771,26,3.988621950149536
446,lstm_dropout,12,128,32,0.005,64.0,0.05,0.07661369442939758,21,0.021872298792004585,31,4.634075164794922
447,lstm_dropout,12,32,32,0.01,64.0,0.05,0.31511422991752625,9,0.07980963587760925,19,3.2278716564178467
448,lstm_dropout,12,64,32,0.01,64.0,0.05,0.054592233151197433,68,0.014711338095366955,78,8.444746971130371
449,lstm_dropout,12,128,32,0.01,64.0,0.05,0.041380878537893295,39,0.01294580940157175,49,6.3141419887542725
450,lstm_dropout,12,32,32,0.005,64.0,0.1,0.2466220259666443,39,0.04323498532176018,49,5.839227914810181
451,lstm_dropout,12,64,32,0.005,64.0,0.1,0.08733823150396347,30,0.020797355100512505,40,5.225415468215942
452,lstm_dropout,12,128,32,0.005,64.0,0.1,0.08041572570800781,22,0.022091368213295937,32,4.691487073898315
453,lstm_dropout,12,32,32,0.01,64.0,0.1,0.3148004710674286,8,0.08603715151548386,18,3.1003124713897705
454,lstm_dropout,12,64,32,0.01,64.0,0.1,0.08025595545768738,31,0.018099425360560417,41,5.092581748962402
455,lstm_dropout,12,128,32,0.01,64.0,0.1,0.05339387431740761,17,0.01648922823369503,27,4.334003210067749
456,lstm_dropout,12,32,32,0.005,64.0,0.2,0.2438463419675827,39,0.043232981115579605,49,5.843303680419922
457,lstm_dropout,12,64,32,0.005,64.0,0.2,0.0758913978934288,36,0.019612401723861694,46,5.713244676589966
458,lstm_dropout,12,128,32,0.005,64.0,0.2,0.07571642845869064,25,0.017847470939159393,35,5.121740102767944
459,lstm_dropout,12,32,32,0.01,64.0,0.2,0.3186885416507721,9,0.08874953538179398,19,3.1789581775665283
460,lstm_dropout,12,64,32,0.01,64.0,0.2,0.08356846123933792,22,0.021990329027175903,32,4.358484745025635
461,lstm_dropout,12,128,32,0.01,64.0,0.2,0.04254057630896568,32,0.014310094527900219,42,5.546011924743652
462,lstm_dropout,12,32,32,0.005,128.0,0.05,0.2749231159687042,15,0.029599504545331,25,3.746842622756958
463,lstm_dropout,12,64,32,0.005,128.0,0.05,0.09649374336004257,30,0.01991199143230915,40,5.025764226913452
464,lstm_dropout,12,128,32,0.005,128.0,0.05,0.08347541093826294,18,0.019307630136609077,28,4.410952091217041
465,lstm_dropout,12,32,32,0.01,128.0,0.05,0.1432044357061386,22,0.02239684946835041,32,4.219571352005005
466,lstm_dropout,12,64,32,0.01,128.0,0.05,0.0619366355240345,73,0.015618734061717987,83,8.630342721939087
467,lstm_dropout,12,128,32,0.01,128.0,0.05,0.0913170576095581,20,0.019582338631153107,30,4.499052286148071
468,lstm_dropout,12,32,32,0.005,128.0,0.1,0.19980187714099884,20,0.02473336271941662,30,4.175828456878662
469,lstm_dropout,12,64,32,0.005,128.0,0.1,0.11417541652917862,30,0.02102174423635006,40,5.003890037536621
470,lstm_dropout,12,128,32,0.005,128.0,0.1,0.07665038853883743,19,0.0218560378998518,29,4.471020221710205
471,lstm_dropout,12,32,32,0.01,128.0,0.1,0.1034172773361206,24,0.02336311899125576,34,4.387336492538452
472,lstm_dropout,12,64,32,0.01,128.0,0.1,0.07182333618402481,27,0.017960073426365852,37,4.969099044799805
473,lstm_dropout,12,128,32,0.01,128.0,0.1,0.12687884271144867,26,0.016701968386769295,36,4.974541425704956
474,lstm_dropout,12,32,32,0.005,128.0,0.2,0.1815289705991745,18,0.031046366319060326,28,3.9522054195404053
475,lstm_dropout,12,64,32,0.005,128.0,0.2,0.08563876897096634,31,0.01887974701821804,41,5.262237310409546
476,lstm_dropout,12,128,32,0.005,128.0,0.2,0.08635836094617844,23,0.019083162769675255,33,4.794791221618652
477,lstm_dropout,12,32,32,0.01,128.0,0.2,0.31254592537879944,7,0.08283782005310059,17,3.0464701652526855
478,lstm_dropout,12,64,32,0.01,128.0,0.2,0.08590326458215714,31,0.018807249143719673,41,5.240538597106934
479,lstm_dropout,12,128,32,0.01,128.0,0.2,0.1176362931728363,16,0.022241869941353798,26,4.242544651031494
480,baseline_lstm,24,32,4,0.005,,,0.0429740808904171,30,0.010538067668676376,40,6.521483421325684
481,baseline_lstm,24,64,4,0.005,,,0.043307479470968246,22,0.012802819721400738,32,5.441244125366211
482,baseline_lstm,24,128,4,0.005,,,0.04737897217273712,20,0.013141273520886898,30,5.68980598449707
483,baseline_lstm,24,32,4,0.01,,,0.048696085810661316,16,0.011813926510512829,26,4.412983417510986
484,baseline_lstm,24,64,4,0.01,,,0.04824716970324516,24,0.011937127448618412,34,5.809947490692139
485,baseline_lstm,24,128,4,0.01,,,0.026901038363575935,42,0.004311588127166033,52,9.590224027633667
486,baseline_lstm,24,32,8,0.005,,,0.06061774864792824,37,0.009722377173602581,47,5.895390033721924
487,baseline_lstm,24,64,8,0.005,,,0.044063519686460495,24,0.011734692379832268,34,4.64169716835022
488,baseline_lstm,24,128,8,0.005,,,0.06047700718045235,8,0.015367856249213219,18,3.1152231693267822
489,baseline_lstm,24,32,8,0.01,,,0.051962897181510925,16,0.012424137443304062,26,3.716492176055908
490,baseline_lstm,24,64,8,0.01,,,0.04222004860639572,14,0.010985624976456165,24,3.5385732650756836
491,baseline_lstm,24,128,8,0.01,,,0.04128245636820793,23,0.01141459122300148,33,4.872682332992554
492,baseline_lstm,24,32,16,0.005,,,0.0759173184633255,40,0.01003310177475214,50,5.52545428276062
493,baseline_lstm,24,64,16,0.005,,,0.0690760388970375,52,0.010804040357470512,62,6.926672458648682
494,baseline_lstm,24,128,16,0.005,,,0.047710396349430084,19,0.011835960671305656,29,3.8931262493133545
495,baseline_lstm,24,32,16,0.01,,,0.05201448127627373,30,0.008981283754110336,40,4.568685531616211
496,baseline_lstm,24,64,16,0.01,,,0.053759001195430756,25,0.009879091754555702,35,4.21679162979126
497,baseline_lstm,24,128,16,0.01,,,0.08066296577453613,31,0.010709431022405624,41,5.151148796081543
498,baseline_lstm,24,32,32,0.005,,,0.2469680905342102,25,0.03789283335208893,35,3.872319221496582
499,baseline_lstm,24,64,32,0.005,,,0.12973429262638092,25,0.02514265850186348,35,3.968848466873169
500,baseline_lstm,24,128,32,0.005,,,0.04533187299966812,96,0.009843427687883377,106,10.79719090461731
501,baseline_lstm,24,32,32,0.01,,,0.06771096587181091,58,0.010346315801143646,68,6.761681318283081
502,baseline_lstm,24,64,32,0.01,,,0.05943480506539345,59,0.01020065974444151,69,6.878881454467773
503,baseline_lstm,24,128,32,0.01,,,0.12943197786808014,30,0.016412213444709778,40,4.484933853149414
504,stacked_lstm,24,32,4,0.005,,,0.056655798107385635,27,0.007794414646923542,37,7.403530120849609
505,stacked_lstm,24,64,4,0.005,,,0.07940187305212021,20,0.008634231053292751,30,6.735884428024292
506,stacked_lstm,24,128,4,0.005,,,0.05176861584186554,26,0.008057430386543274,36,9.670893669128418
507,stacked_lstm,24,32,4,0.01,,,0.041410528123378754,75,0.003639969974756241,85,16.055181980133057
508,stacked_lstm,24,64,4,0.01,,,0.09049804508686066,12,0.010759002529084682,22,5.189467191696167
509,stacked_lstm,24,128,4,0.01,,,0.044748809188604355,38,0.0012977474834769964,48,12.232775926589966
510,stacked_lstm,24,32,8,0.005,,,0.06359513103961945,34,0.009158654138445854,44,6.849611282348633
511,stacked_lstm,24,64,8,0.005,,,0.07724376022815704,25,0.00863344594836235,35,6.020935297012329
512,stacked_lstm,24,128,8,0.005,,,0.05906928703188896,17,0.009597663767635822,27,5.513196706771851
513,stacked_lstm,24,32,8,0.01,,,0.06819641590118408,24,0.00807433482259512,34,5.417201995849609
514,stacked_lstm,24,64,8,0.01,,,0.08268595486879349,23,0.008631406351923943,33,5.702457904815674
515,stacked_lstm,24,128,8,0.01,,,0.04914640262722969,22,0.00611978629603982,32,6.478313684463501
516,stacked_lstm,24,32,16,0.005,,,0.17354755103588104,21,0.03855843469500542,31,4.382486343383789
517,stacked_lstm,24,64,16,0.005,,,0.06631286442279816,34,0.008694587275385857,44,6.035229921340942
518,stacked_lstm,24,128,16,0.005,,,0.057750239968299866,30,0.008252996020019054,40,6.3466527462005615
519,stacked_lstm,24,32,16,0.01,,,0.07321808487176895,26,0.009106259793043137,36,4.980726480484009
520,stacked_lstm,24,64,16,0.01,,,0.054382000118494034,22,0.008607952855527401,32,4.849992036819458
521,stacked_lstm,24,128,16,0.01,,,0.07590696215629578,35,0.0077422303147614,45,7.094803333282471
522,stacked_lstm,24,32,32,0.005,,,0.340088814496994,3,0.10464204847812653,13,2.6469898223876953
523,stacked_lstm,24,64,32,0.005,,,0.1502227932214737,17,0.029282450675964355,27,3.8749983310699463
524,stacked_lstm,24,128,32,0.005,,,0.06574725359678268,62,0.008111223578453064,72,9.427985191345215
525,stacked_lstm,24,32,32,0.01,,,0.10169727355241776,77,0.010738491080701351,87,9.438727617263794
526,stacked_lstm,24,64,32,0.01,,,0.12452001869678497,19,0.024407004937529564,29,4.098065137863159
527,stacked_lstm,24,128,32,0.01,,,0.2557944059371948,13,0.08269323408603668,23,3.969398021697998
528,lstm_dense,24,32,4,0.005,64.0,,0.06599878519773483,14,0.014640521258115768,24,5.542961359024048
529,lstm_dense,24,64,4,0.005,64.0,,0.04688316211104393,39,0.01047313679009676,49,10.850018978118896
530,lstm_dense,24,128,4,0.005,64.0,,0.04266642779111862,39,0.007566490210592747,49,13.597344160079956
531,lstm_dense,24,32,4,0.01,64.0,,0.05155160278081894,30,0.012048298493027687,40,8.425027132034302
532,lstm_dense,24,64,4,0.01,64.0,,0.05671466514468193,24,0.006076822988688946,34,7.743018388748169
533,lstm_dense,24,128,4,0.01,64.0,,0.041417766362428665,44,0.0036079210694879293,54,14.349065780639648
534,lstm_dense,24,32,4,0.005,128.0,,0.0476357601583004,30,0.010462751612067223,40,8.351752042770386
535,lstm_dense,24,64,4,0.005,128.0,,0.06272275000810623,25,0.011744820512831211,35,7.868325471878052
536,lstm_dense,24,128,4,0.005,128.0,,0.07379775494337082,11,0.01676422916352749,21,6.28816032409668
537,lstm_dense,24,32,4,0.01,128.0,,0.0712035596370697,28,0.013483086600899696,38,7.911273002624512
538,lstm_dense,24,64,4,0.01,128.0,,0.06661942601203918,22,0.009840256534516811,32,7.3171608448028564
539,lstm_dense,24,128,4,0.01,128.0,,0.05624207481741905,26,0.0075492714531719685,36,10.13323163986206
540,lstm_dense,24,32,8,0.005,64.0,,0.05008561909198761,43,0.009074000641703606,53,8.258905410766602
541,lstm_dense,24,64,8,0.005,64.0,,0.05914405733346939,52,0.008813107386231422,62,10.082130193710327
542,lstm_dense,24,128,8,0.005,64.0,,0.04776507243514061,20,0.01141916774213314,30,6.351606369018555
543,lstm_dense,24,32,8,0.01,64.0,,0.06465239077806473,34,0.010032796300947666,44,6.9036781787872314
544,lstm_dense,24,64,8,0.01,64.0,,0.059119757264852524,33,0.008743411861360073,43,7.362548828125
545,lstm_dense,24,128,8,0.01,64.0,,0.05022013559937477,16,0.02651691436767578,26,5.771975517272949
546,lstm_dense,24,32,8,0.005,128.0,,0.06056828424334526,43,0.00993730966001749,53,8.256786108016968
547,lstm_dense,24,64,8,0.005,128.0,,0.05156884342432022,37,0.009715277701616287,47,8.009584665298462
548,lstm_dense,24,128,8,0.005,128.0,,0.0380915142595768,26,0.00864379107952118,36,7.209806442260742
549,lstm_dense,24,32,8,0.01,128.0,,0.05884837731719017,21,0.009917348623275757,31,5.198030710220337
550,lstm_dense,24,64,8,0.01,128.0,,0.050726424902677536,18,0.009581848978996277,28,5.294043064117432
551,lstm_dense,24,128,8,0.01,128.0,,0.047891389578580856,12,0.03878612443804741,22,5.110153675079346
552,lstm_dense,24,32,16,0.005,64.0,,0.35632431507110596,1,0.09657878428697586,11,2.6511573791503906
553,lstm_dense,24,64,16,0.005,64.0,,0.06146412715315819,36,0.009401303716003895,46,6.797921419143677
554,lstm_dense,24,128,16,0.005,64.0,,0.039603766053915024,26,0.01138235628604889,36,6.203119277954102
555,lstm_dense,24,32,16,0.01,64.0,,0.3458090126514435,3,0.091730996966362,13,2.9649131298065186
556,lstm_dense,24,64,16,0.01,64.0,,0.051253676414489746,27,0.010661291889846325,37,5.530364274978638
557,lstm_dense,24,128,16,0.01,64.0,,0.04717729240655899,18,0.011288261041045189,28,5.226496696472168
558,lstm_dense,24,32,16,0.005,128.0,,0.3441658318042755,1,0.09599052369594574,11,2.646738052368164
559,lstm_dense,24,64,16,0.005,128.0,,0.04584546387195587,36,0.009559699334204197,46,6.7758095264434814
560,lstm_dense,24,128,16,0.005,128.0,,0.036510057747364044,26,0.01050607580691576,36,6.206791162490845
561,lstm_dense,24,32,16,0.01,128.0,,0.3239772915840149,3,0.1025380790233612,13,2.902529001235962
562,lstm_dense,24,64,16,0.01,128.0,,0.05282400920987129,35,0.009058328345417976,45,6.503079891204834
563,lstm_dense,24,128,16,0.01,128.0,,0.04613591358065605,26,0.008978553116321564,36,6.141563177108765
564,lstm_dense,24,32,32,0.005,64.0,,0.3417131006717682,10,0.09902102500200272,20,3.403017282485962
565,lstm_dense,24,64,32,0.005,64.0,,0.05218442901968956,74,0.008481455966830254,84,9.533440828323364
566,lstm_dense,24,128,32,0.005,64.0,,0.05681455135345459,79,0.010360701009631157,89,11.333356142044067
567,lstm_dense,24,32,32,0.01,64.0,,0.16965234279632568,14,0.03802856057882309,24,3.80835223197937
568,lstm_dense,24,64,32,0.01,64.0,,0.11611327528953552,26,0.015354256145656109,36,4.91874623298645
569,lstm_dense,24,128,32,0.01,64.0,,0.05441361293196678,48,0.009784124791622162,58,7.986889839172363
570,lstm_dense,24,32,32,0.005,128.0,,0.3428933322429657,9,0.08972570300102234,19,3.301370143890381
571,lstm_dense,24,64,32,0.005,128.0,,0.08282528072595596,49,0.013472099788486958,59,7.5485475063323975
572,lstm_dense,24,128,32,0.005,128.0,,0.07860027998685837,32,0.012827589176595211,42,6.393012285232544
573,lstm_dense,24,32,32,0.01,128.0,,0.14679904282093048,18,0.02938312478363514,28,4.104050636291504
574,lstm_dense,24,64,32,0.01,128.0,,0.16439905762672424,26,0.023726031184196472,36,5.02333927154541
575,lstm_dense,24,128,32,0.01,128.0,,0.13435310125350952,17,0.024276860058307648,27,4.499653100967407
576,lstm_dropout,24,32,4,0.005,64.0,0.05,0.04731980338692665,30,0.01260687317699194,40,8.203588485717773
577,lstm_dropout,24,64,4,0.005,64.0,0.05,0.06485120952129364,21,0.017827777191996574,31,7.289735317230225
578,lstm_dropout,24,128,4,0.005,64.0,0.05,0.046425022184848785,30,0.011778751388192177,40,10.931835651397705
579,lstm_dropout,24,32,4,0.01,64.0,0.05,0.05308425799012184,21,0.015671437606215477,31,6.709571361541748
580,lstm_dropout,24,64,4,0.01,64.0,0.05,0.06121915578842163,21,0.014390651136636734,31,7.2625110149383545
581,lstm_dropout,24,128,4,0.01,64.0,0.05,0.05968464910984039,25,0.009324571117758751,35,9.693508863449097
582,lstm_dropout,24,32,4,0.005,64.0,0.1,0.057939305901527405,21,0.01759113185107708,31,6.685824155807495
583,lstm_dropout,24,64,4,0.005,64.0,0.1,0.06557749956846237,21,0.01308575738221407,31,7.063780784606934
584,lstm_dropout,24,128,4,0.005,64.0,0.1,0.06046043336391449,24,0.009016984142363071,34,9.381640195846558
585,lstm_dropout,24,32,4,0.01,64.0,0.1,0.06738352030515671,32,0.012935832142829895,42,8.470849752426147
586,lstm_dropout,24,64,4,0.01,64.0,0.1,0.05826609209179878,35,0.011646747589111328,45,9.78260087966919
587,lstm_dropout,24,128,4,0.01,64.0,0.1,0.07760028541088104,15,0.025434840470552444,25,7.430646181106567
588,lstm_dropout,24,32,4,0.005,64.0,0.2,0.05807435140013695,18,0.016015678644180298,28,6.350393772125244
589,lstm_dropout,24,64,4,0.005,64.0,0.2,0.06309177726507187,33,0.01251431368291378,43,9.514089345932007
590,lstm_dropout,24,128,4,0.005,64.0,0.2,0.0699169710278511,23,0.017934590578079224,33,9.161011934280396
591,lstm_dropout,24,32,4,0.01,64.0,0.2,0.06701835989952087,19,0.021424442529678345,29,6.354484558105469
592,lstm_dropout,24,64,4,0.01,64.0,0.2,0.06302929669618607,16,0.0211125947535038,26,6.335296154022217
593,lstm_dropout,24,128,4,0.01,64.0,0.2,0.07357602566480637,17,0.020419014617800713,27,7.703451871871948
594,lstm_dropout,24,32,4,0.005,128.0,0.05,0.058168526738882065,21,0.01407221332192421,31,6.878578424453735
595,lstm_dropout,24,64,4,0.005,128.0,0.05,0.04769866541028023,33,0.013245358131825924,43,9.558107137680054
596,lstm_dropout,24,128,4,0.005,128.0,0.05,0.0707361027598381,15,0.01614360697567463,25,7.32507061958313
597,lstm_dropout,24,32,4,0.01,128.0,0.05,0.07788421958684921,15,0.0160785261541605,25,5.757470369338989
598,lstm_dropout,24,64,4,0.01,128.0,0.05,0.04938336834311485,24,0.0120574114844203,34,7.645434856414795
599,lstm_dropout,24,128,4,0.01,128.0,0.05,0.09377903491258621,7,0.019704122096300125,17,5.536314249038696
600,lstm_dropout,24,32,4,0.005,128.0,0.1,0.04917389526963234,23,0.010841374285519123,33,7.1296069622039795
601,lstm_dropout,24,64,4,0.005,128.0,0.1,0.05794830247759819,22,0.014642445370554924,32,7.521728754043579
602,lstm_dropout,24,128,4,0.005,128.0,0.1,0.056442536413669586,21,0.01600097119808197,31,8.931229829788208
603,lstm_dropout,24,32,4,0.01,128.0,0.1,0.06304514408111572,25,0.014291975647211075,35,7.415330648422241
604,lstm_dropout,24,64,4,0.01,128.0,0.1,0.059311505407094955,16,0.021645842120051384,26,6.251002073287964
605,lstm_dropout,24,128,4,0.01,128.0,0.1,0.0841078832745552,22,0.012068617157638073,32,9.080199718475342
606,lstm_dropout,24,32,4,0.005,128.0,0.2,0.04611896350979805,25,0.015463740564882755,35,7.511054039001465
607,lstm_dropout,24,64,4,0.005,128.0,0.2,0.07287811487913132,20,0.022553669288754463,30,7.165802955627441
608,lstm_dropout,24,128,4,0.005,128.0,0.2,0.05505866929888725,20,0.02141823247075081,30,8.7318754196167
609,lstm_dropout,24,32,4,0.01,128.0,0.2,0.058545198291540146,21,0.01866825483739376,31,6.82093358039856
610,lstm_dropout,24,64,4,0.01,128.0,0.2,0.07610258460044861,14,0.020163286477327347,24,6.0552659034729
611,lstm_dropout,24,128,4,0.01,128.0,0.2,0.06014922633767128,21,0.01633084937930107,31,8.658932209014893
612,lstm_dropout,24,32,8,0.005,64.0,0.05,0.06153830140829086,52,0.011398243717849255,62,9.060798406600952
613,lstm_dropout,24,64,8,0.005,64.0,0.05,0.06053679808974266,19,0.013829180039465427,29,5.3164918422698975
614,lstm_dropout,24,128,8,0.005,64.0,0.05,0.03531429544091225,30,0.010481806471943855,40,7.951916456222534
615,lstm_dropout,24,32,8,0.01,64.0,0.05,0.052981507033109665,23,0.01086429599672556,33,5.7044677734375
616,lstm_dropout,24,64,8,0.01,64.0,0.05,0.06733480095863342,23,0.010657589882612228,33,5.832643747329712
617,lstm_dropout,24,128,8,0.01,64.0,0.05,0.05571359023451805,12,0.0313890315592289,22,5.134525299072266
618,lstm_dropout,24,32,8,0.005,64.0,0.1,0.04827016219496727,33,0.01320145558565855,43,6.748708009719849
619,lstm_dropout,24,64,8,0.005,64.0,0.1,0.048533011227846146,49,0.011317978613078594,59,9.150286436080933
620,lstm_dropout,24,128,8,0.005,64.0,0.1,0.03234201669692993,30,0.011074522510170937,40,7.943416118621826
621,lstm_dropout,24,32,8,0.01,64.0,0.1,0.052455030381679535,15,0.016321271657943726,25,4.6382880210876465
622,lstm_dropout,24,64,8,0.01,64.0,0.1,0.045765455812215805,18,0.011911391280591488,28,5.305042505264282
623,lstm_dropout,24,128,8,0.01,64.0,0.1,0.044438887387514114,15,0.0145693589001894,25,5.45148491859436
624,lstm_dropout,24,32,8,0.005,64.0,0.2,0.06908127665519714,48,0.014908970333635807,58,8.697538614273071
625,lstm_dropout,24,64,8,0.005,64.0,0.2,0.043102435767650604,35,0.014476558193564415,45,7.576021909713745
626,lstm_dropout,24,128,8,0.005,64.0,0.2,0.03832850605249405,35,0.013660511001944542,45,8.625537633895874
627,lstm_dropout,24,32,8,0.01,64.0,0.2,0.04675867408514023,35,0.01494596153497696,45,7.099272012710571
628,lstm_dropout,24,64,8,0.01,64.0,0.2,0.05281135067343712,30,0.01201186515390873,40,6.743524551391602
629,lstm_dropout,24,128,8,0.01,64.0,0.2,0.05779165029525757,14,0.016247952356934547,24,5.45638632774353
630,lstm_dropout,24,32,8,0.005,128.0,0.05,0.05540283024311066,50,0.010120335035026073,60,9.137089252471924
631,lstm_dropout,24,64,8,0.005,128.0,0.05,0.04474244266748428,31,0.011468051932752132,41,6.914587736129761
632,lstm_dropout,24,128,8,0.005,128.0,0.05,0.037515584379434586,26,0.010562513954937458,36,7.476951837539673
633,lstm_dropout,24,32,8,0.01,128.0,0.05,0.05105867609381676,28,0.012015742249786854,38,6.3335607051849365
634,lstm_dropout,24,64,8,0.01,128.0,0.05,0.05825530365109444,35,0.00980447418987751,45,7.346507549285889
635,lstm_dropout,24,128,8,0.01,128.0,0.05,0.05865198373794556,16,0.01479148305952549,26,5.793035984039307
636,lstm_dropout,24,32,8,0.005,128.0,0.1,0.05433076620101929,45,0.013153077103197575,55,8.431100606918335
637,lstm_dropout,24,64,8,0.005,128.0,0.1,0.05175630748271942,18,0.013789585791528225,28,5.3957977294921875
638,lstm_dropout,24,128,8,0.005,128.0,0.1,0.033779993653297424,25,0.011201499961316586,35,7.283656358718872
639,lstm_dropout,24,32,8,0.01,128.0,0.1,0.0612492598593235,18,0.014868183061480522,28,5.003122329711914
640,lstm_dropout,24,64,8,0.01,128.0,0.1,0.058767035603523254,51,0.009539110586047173,61,9.585505485534668
641,lstm_dropout,24,128,8,0.01,128.0,0.1,0.04855525493621826,36,0.0064855474047362804,46,8.578295707702637
642,lstm_dropout,24,32,8,0.005,128.0,0.2,0.06887170672416687,36,0.013181121088564396,46,7.047604560852051
643,lstm_dropout,24,64,8,0.005,128.0,0.2,0.053616832941770554,36,0.011889560148119926,46,7.601087808609009
644,lstm_dropout,24,128,8,0.005,128.0,0.2,0.04933987557888031,36,0.013745877891778946,46,8.83882212638855
645,lstm_dropout,24,32,8,0.01,128.0,0.2,0.06725341826677322,25,0.012032688595354557,35,5.892388105392456
646,lstm_dropout,24,64,8,0.01,128.0,0.2,0.06804724037647247,36,0.01302667148411274,46,7.411715984344482
647,lstm_dropout,24,128,8,0.01,128.0,0.2,0.06058436259627342,18,0.027158407494425774,28,6.003006935119629
648,lstm_dropout,24,32,16,0.005,64.0,0.05,0.0919852927327156,101,0.010574474930763245,111,13.06993556022644
649,lstm_dropout,24,64,16,0.005,64.0,0.05,0.04661156237125397,38,0.010967624373733997,48,6.829555988311768
650,lstm_dropout,24,128,16,0.005,64.0,0.05,0.04706626012921333,23,0.018390944227576256,33,5.875208854675293
651,lstm_dropout,24,32,16,0.01,64.0,0.05,0.05441713333129883,29,0.012206611223518848,39,5.577413558959961
652,lstm_dropout,24,64,16,0.01,64.0,0.05,0.06779538094997406,18,0.012565556913614273,28,4.6716718673706055
653,lstm_dropout,24,128,16,0.01,64.0,0.05,0.06847503036260605,15,0.01627250947058201,25,4.844528675079346
654,lstm_dropout,24,32,16,0.005,64.0,0.1,0.13648317754268646,55,0.016377773135900497,65,8.153554677963257
655,lstm_dropout,24,64,16,0.005,64.0,0.1,0.06871388852596283,36,0.012615027837455273,46,6.917361497879028
656,lstm_dropout,24,128,16,0.005,64.0,0.1,0.04565785825252533,24,0.013050295412540436,34,5.884567022323608
657,lstm_dropout,24,32,16,0.01,64.0,0.1,0.14422248303890228,10,0.04920024797320366,20,3.6170003414154053
658,lstm_dropout,24,64,16,0.01,64.0,0.1,0.04422896355390549,25,0.012464446015655994,35,5.2984795570373535
659,lstm_dropout,24,128,16,0.01,64.0,0.1,0.05052562057971954,15,0.026262907311320305,25,4.747077226638794
660,lstm_dropout,24,32,16,0.005,64.0,0.2,0.1909162551164627,28,0.03294830024242401,38,5.346850633621216
661,lstm_dropout,24,64,16,0.005,64.0,0.2,0.061163511127233505,34,0.01568119414150715,44,6.278493165969849
662,lstm_dropout,24,128,16,0.005,64.0,0.2,0.04438408464193344,23,0.01686718873679638,33,5.873663663864136
663,lstm_dropout,24,32,16,0.01,64.0,0.2,0.07071418315172195,18,0.019899778068065643,28,4.4325079917907715
664,lstm_dropout,24,64,16,0.01,64.0,0.2,0.061852920800447464,19,0.01589825004339218,29,4.839461326599121
665,lstm_dropout,24,128,16,0.01,64.0,0.2,0.27575650811195374,2,0.0802970677614212,12,3.089865207672119
666,lstm_dropout,24,32,16,0.005,128.0,0.05,0.3500123918056488,4,0.07606371492147446,14,3.0032832622528076
667,lstm_dropout,24,64,16,0.005,128.0,0.05,0.08836308121681213,75,0.011902022175490856,85,10.658393621444702
668,lstm_dropout,24,128,16,0.005,128.0,0.05,0.042089998722076416,26,0.012266306206583977,36,6.222618818283081
669,lstm_dropout,24,32,16,0.01,128.0,0.05,0.37741366028785706,10,0.09396194666624069,20,3.683706045150757
670,lstm_dropout,24,64,16,0.01,128.0,0.05,0.04995361343026161,22,0.01331581361591816,32,5.076739311218262
671,lstm_dropout,24,128,16,0.01,128.0,0.05,0.05932929739356041,23,0.009480403736233711,33,5.9891252517700195
672,lstm_dropout,24,32,16,0.005,128.0,0.1,0.08533027023077011,61,0.013025118969380856,71,8.802284240722656
673,lstm_dropout,24,64,16,0.005,128.0,0.1,0.05938365310430527,30,0.0132342129945755,40,5.861196279525757
674,lstm_dropout,24,128,16,0.005,128.0,0.1,0.03808999061584473,22,0.016138866543769836,32,5.586576700210571
675,lstm_dropout,24,32,16,0.01,128.0,0.1,0.3942139446735382,7,0.08401277661323547,17,3.411227226257324
676,lstm_dropout,24,64,16,0.01,128.0,0.1,0.05662882328033447,18,0.01130764838308096,28,4.699668645858765
677,lstm_dropout,24,128,16,0.01,128.0,0.1,0.05856141075491905,35,0.008600559085607529,45,7.386250019073486
678,lstm_dropout,24,32,16,0.005,128.0,0.2,0.358549565076828,4,0.06158212199807167,14,3.0368738174438477
679,lstm_dropout,24,64,16,0.005,128.0,0.2,0.076350636780262,19,0.016707085072994232,29,4.746554613113403
680,lstm_dropout,24,128,16,0.005,128.0,0.2,0.04921310767531395,34,0.013371269218623638,44,7.010588884353638
681,lstm_dropout,24,32,16,0.01,128.0,0.2,0.346238374710083,6,0.06303369253873825,16,3.2880542278289795
682,lstm_dropout,24,64,16,0.01,128.0,0.2,0.07825536280870438,16,0.019941037520766258,26,4.4154438972473145
683,lstm_dropout,24,128,16,0.01,128.0,0.2,0.044419459998607635,36,0.00830458477139473,46,7.306015253067017
684,lstm_dropout,24,32,32,0.005,64.0,0.05,0.3357636630535126,10,0.09668370336294174,20,3.4629392623901367
685,lstm_dropout,24,64,32,0.005,64.0,0.05,0.11244063824415207,45,0.01792316883802414,55,6.9706103801727295
686,lstm_dropout,24,128,32,0.005,64.0,0.05,0.15425291657447815,37,0.037645064294338226,47,6.859474420547485
687,lstm_dropout,24,32,32,0.01,64.0,0.05,0.09274523705244064,47,0.013259593397378922,57,6.783093214035034
688,lstm_dropout,24,64,32,0.01,64.0,0.05,0.1353922337293625,25,0.02110716886818409,35,4.988025903701782
689,lstm_dropout,24,128,32,0.01,64.0,0.05,0.06482462584972382,59,0.011864381842315197,69,9.456225633621216
690,lstm_dropout,24,32,32,0.005,64.0,0.1,0.32991698384284973,15,0.07522355765104294,25,3.9171342849731445
691,lstm_dropout,24,64,32,0.005,64.0,0.1,0.11536473780870438,55,0.018805868923664093,65,7.675924301147461
692,lstm_dropout,24,128,32,0.005,64.0,0.1,0.135547935962677,43,0.03155483677983284,53,7.398412466049194
693,lstm_dropout,24,32,32,0.01,64.0,0.1,0.1437699794769287,26,0.03199126198887825,36,4.886085271835327
694,lstm_dropout,24,64,32,0.01,64.0,0.1,0.06715777516365051,37,0.011989341117441654,47,6.0574400424957275
695,lstm_dropout,24,128,32,0.01,64.0,0.1,0.053873684257268906,27,0.012728892266750336,37,5.737163543701172
696,lstm_dropout,24,32,32,0.005,64.0,0.2,0.33949270844459534,10,0.10198049992322922,20,3.4487621784210205
697,lstm_dropout,24,64,32,0.005,64.0,0.2,0.09400016814470291,60,0.01495791133493185,70,8.297130584716797
698,lstm_dropout,24,128,32,0.005,64.0,0.2,0.045345380902290344,44,0.015023492276668549,54,7.6274895668029785
699,lstm_dropout,24,32,32,0.01,64.0,0.2,0.3265053629875183,5,0.09360726177692413,15,3.0212113857269287
700,lstm_dropout,24,64,32,0.01,64.0,0.2,0.114162378013134,23,0.02559640258550644,33,4.710947751998901
701,lstm_dropout,24,128,32,0.01,64.0,0.2,0.05398552119731903,29,0.01515626534819603,39,5.984988451004028
702,lstm_dropout,24,32,32,0.005,128.0,0.05,0.1422044038772583,55,0.02122204564511776,65,7.487566232681274
703,lstm_dropout,24,64,32,0.005,128.0,0.05,0.13233380019664764,31,0.029847634956240654,41,5.4812750816345215
704,lstm_dropout,24,128,32,0.005,128.0,0.05,0.085408054292202,29,0.014115117490291595,39,5.99797248840332
705,lstm_dropout,24,32,32,0.01,128.0,0.05,0.31754159927368164,5,0.08712203800678253,15,3.0247459411621094
706,lstm_dropout,24,64,32,0.01,128.0,0.05,0.13445720076560974,27,0.03189842030405998,37,5.005157947540283
707,lstm_dropout,24,128,32,0.01,128.0,0.05,0.25976645946502686,4,0.07986431568861008,14,3.1335909366607666
708,lstm_dropout,24,32,32,0.005,128.0,0.1,0.3271197974681854,14,0.07825878262519836,24,3.797384738922119
709,lstm_dropout,24,64,32,0.005,128.0,0.1,0.08809130638837814,48,0.013988722115755081,58,7.033812046051025
710,lstm_dropout,24,128,32,0.005,128.0,0.1,0.05490851402282715,38,0.013174527324736118,48,6.930161952972412
711,lstm_dropout,24,32,32,0.01,128.0,0.1,0.31609293818473816,5,0.09099072962999344,15,3.0134694576263428
712,lstm_dropout,24,64,32,0.01,128.0,0.1,0.060473643243312836,49,0.012541966512799263,59,7.41028094291687
713,lstm_dropout,24,128,32,0.01,128.0,0.1,0.09733462333679199,35,0.015312853269279003,45,6.625430107116699
714,lstm_dropout,24,32,32,0.005,128.0,0.2,0.3262144923210144,14,0.07774510234594345,24,3.827936887741089
715,lstm_dropout,24,64,32,0.005,128.0,0.2,0.07426457107067108,48,0.01435923483222723,58,7.081123352050781
716,lstm_dropout,24,128,32,0.005,128.0,0.2,0.054720424115657806,38,0.013887840323150158,48,7.0273566246032715
717,lstm_dropout,24,32,32,0.01,128.0,0.2,0.3097739815711975,5,0.08521013706922531,15,3.0061252117156982
718,lstm_dropout,24,64,32,0.01,128.0,0.2,0.10499462485313416,28,0.025721289217472076,38,5.343374252319336
719,lstm_dropout,24,128,32,0.01,128.0,0.2,0.2952526807785034,4,0.07734137028455734,14,3.3477752208709717
